sbytes_sum,dbytes_sum,sttl_sum,dttl_sum,sloss_sum,dloss_sum,Sload_sum,Dload_sum,Spkts_sum,Dpkts_sum,swin_sum,dwin_sum,stcpb_sum,dtcpb_sum,smeansz_sum,dmeansz_sum,trans_depth_sum,res_bdy_len_sum,Sjit_sum,Djit_sum,Sintpkt_sum,Dintpkt_sum,tcprtt_sum,synack_sum,ackdat_sum,is_sm_ips_ports_sum,ct_state_ttl_sum,tc_flw_http_mthd_sum,is_ftp_login_sum,ct_srv_src_sum,ct_srv_dst_sum,ct_dst_ltm_sum,ct_src_ltm_sum,ct_src_dport_ltm_sum,ct_dst_sport_ltm_sum,ct_dst_src_ltm_sum,Label_sum,time,connections_sum
983592,1303678,4185,3915,2502,3009,141202779,189865597,10734,10756,34425,34425,284374603794,288694262959,12537,17019,0,0,907371,805738,6857,6951,0,0,0,0,0,0,0,167,177,453,458,143,135,151,0,2015-01-22 11:50:23,135
959728,1409256,7812,7308,1835,1856,532445044,776658986,8324,6468,64260,64260,567531285400,554711487801,29405,56385,0,0,84690,3784,1168,1557,0,0,0,0,0,0,0,406,432,711,720,288,254,321,0,2015-01-22 11:53:17,252
886120,1307180,7378,6902,1666,1666,535903357,782715054,7594,5796,60690,60690,534144174493,506274403693,27890,53718,0,0,71401,2365,971,1301,0,0,0,0,0,0,0,367,357,649,645,256,238,274,0,2015-01-22 11:56:16,238
760200,1163096,5208,4872,1587,1752,381211950,557374400,7128,6068,42840,42840,335987558013,342491307617,19572,37594,0,0,45722,3639,678,895,0,0,0,0,0,0,0,240,235,559,530,186,168,190,0,2015-01-22 11:59:16,168
917400,1492188,3906,3654,2252,2802,211675464,309203874,9898,9636,32130,32130,272607204172,276929681869,14366,27529,0,0,211741,15271,2334,3109,0,0,0,0,0,0,0,155,160,452,469,138,128,166,0,2015-01-22 12:02:16,126
948384,1459550,4743,4437,2128,2523,295144663,425989064,9394,8758,39015,39015,340814515732,304343022013,17960,33363,0,0,114283,13046,1426,1843,0,0,0,0,0,0,0,214,207,426,437,163,155,175,0,2015-01-22 12:05:16,153
1266624,1444188,3565,3335,2458,2738,133899110,154655388,10152,10030,29325,29325,255723664107,234303759858,15457,18303,0,0,74359,65947,1099,1163,0,0,0,0,0,0,0,137,136,320,324,123,115,133,0,2015-01-22 12:08:16,115
1105672,1250158,3348,3132,2170,2306,170617990,205140935,8806,8508,27540,27540,221339796563,238527366663,14382,18241,0,0,58565,43188,832,895,0,0,0,0,0,0,0,130,132,317,309,110,108,135,0,2015-01-22 12:11:18,108
969960,1211016,5084,4756,2268,2188,347689350,486069147,9042,8016,41820,41820,348372507324,341992072178,18533,32300,0,0,53172,14399,661,832,0,0,0,0,0,0,0,220,228,457,455,172,164,191,0,2015-01-22 12:14:16,164
970780,1318296,6446,4254,2450,2705,206636427,288094359,10071,9722,34680,34680,292809359222,281372522434,14112,23681,0,0,3692262,23421,45890,4423,0,0,0,0,0,0,0,275,280,483,429,234,138,260,0,2015-01-22 12:17:16,136
1043388,1621136,1985,1856,2982,3880,51362181,66894381,12648,13732,16320,16320,123154261400,144649744611,5514,7147,0,0,46648,41512,711,657,0,0,0,0,0,0,0,79,71,186,178,64,64,73,0,2015-01-22 12:20:16,64
805160,1226064,1612,1508,2296,2956,36224004,47158682,9682,10482,13260,13260,105088884625,100804275995,4511,5747,0,0,31388,26026,481,440,0,0,0,0,0,0,0,59,58,168,144,52,52,63,0,2015-01-22 12:23:19,52
1224440,1634092,2232,2088,2837,3526,82181216,92677168,11988,12466,18360,18360,154181831230,149916711455,8746,10606,0,0,57926,45643,837,858,0,0,0,0,0,0,0,86,88,272,221,74,72,87,0,2015-01-22 12:26:19,72
1426136,1566476,2883,2697,2424,2714,135290607,139296928,10158,9672,23715,23715,188348231228,205577914787,14874,17420,0,0,64746,47352,935,1049,0,0,0,0,0,0,0,105,109,305,285,95,93,114,0,2015-01-22 12:29:18,93
1084032,1190290,2263,2117,1817,2025,129304646,133166878,7616,7248,18615,18615,162956018749,154390066171,11744,13779,0,0,52439,44211,772,855,0,0,0,0,0,0,0,81,77,214,247,73,73,92,0,2015-01-22 12:32:17,73
990380,1440788,1302,1218,2443,3097,13739970,15865109,10371,10842,10710,10710,93542548726,95709205788,4279,5682,0,0,23153,21286,296,284,0,0,0,0,0,0,0,42,46,121,133,42,42,55,0,2015-01-22 12:35:18,42
1130336,1727756,1395,1305,2910,3735,4618843,6737282,12368,12978,11475,11475,104707710080,115477635521,4219,5919,0,0,30271,30839,402,388,0,0,0,0,0,0,0,51,51,109,133,47,45,52,0,2015-01-22 12:38:26,45
1134040,1608160,5208,4872,2667,3096,216807492,312788954,11494,11040,42840,42840,354028821365,345532425995,18230,32017,0,0,111079,36680,1650,1960,0,0,0,0,0,0,0,246,240,535,545,194,172,202,0,2015-01-22 12:41:21,168
1058132,1462388,6014,5626,2472,2766,305124830,440072016,10613,10020,49470,49470,399500047850,386708124678,21070,36690,0,0,89679,21116,1267,1531,0,0,0,0,0,0,0,272,258,536,567,216,196,226,0,2015-01-22 12:44:19,194
1039268,1439781,3069,2871,2287,2771,153866098,200130808,9693,9737,25245,25245,223796039978,223836441666,12576,19062,0,0,60987,36010,910,1053,0,0,0,0,0,0,0,121,135,264,294,111,99,125,0,2015-01-22 12:47:16,99
642328,802488,1240,1160,1188,1408,103274506,105919778,4982,4936,10200,10200,88732290403,86582998752,6731,8037,0,0,22264,19356,311,353,0,0,0,0,0,0,0,48,46,127,100,44,40,46,0,2015-01-22 12:50:17,40
1177896,1633048,2356,2204,2442,3092,129726123,151054194,10534,10660,19380,19380,157025820069,169925027189,11330,15261,0,0,76155,60058,1098,1220,0,0,0,0,0,0,0,98,96,224,229,82,80,93,0,2015-01-22 12:53:16,76
901184,1534910,5022,4698,1764,2664,269481412,394715103,8732,8300,41310,41310,358985787267,350486451800,18708,35699,0,0,139940,15140,1859,2398,0,0,0,0,0,0,0,214,211,473,461,184,164,192,0,2015-01-22 12:56:16,162
1086860,1714746,4371,4089,2257,3196,232209361,335413888,10452,10316,35955,35955,290200962978,303141674734,16621,30192,0,0,124738,23720,1594,2047,0,0,0,0,0,0,0,201,203,380,384,149,145,165,0,2015-01-22 12:59:17,141
1254216,1751408,1984,1856,2585,3639,24487066,29251407,11455,12052,16320,16320,138041278598,148796114279,8607,10461,0,0,70420,48430,917,913,0,0,0,0,0,0,0,74,78,151,189,66,66,74,0,2015-01-22 13:02:18,64
1150824,1597284,3162,2958,2627,3460,106165340,140680845,11526,11812,26010,26010,209970942296,220751775533,10827,14233,0,0,60705,59481,897,903,0,0,0,0,0,0,0,112,120,298,304,106,102,116,0,2015-01-22 13:05:17,102
917328,1216956,3906,3654,2340,2814,128232577,172080922,9996,10032,32130,32130,272683517378,253431245414,11721,15902,0,0,74047,59739,1182,1181,0,0,0,0,0,0,0,176,166,346,358,144,128,143,0,2015-01-22 13:08:17,126
26040,49786,31,29,78,103,49615,94880,330,358,255,255,1491156599,1491407624,79,139,0,0,938,903,12,11,0,0,0,0,0,0,0,1,1,2,3,1,1,1,0,2015-01-22 13:22:20,1
7456,10948,62,58,14,14,108999,158309,64,48,510,510,5415679079,3270963542,234,456,0,0,2190,64,34,46,0,0,0,0,0,0,0,2,2,8,4,2,2,3,0,2015-01-22 13:36:06,2
3728,5474,31,29,7,7,4527025,6574965,32,24,255,255,775865924,2925745245,117,228,0,0,13,0,0,0,0,0,0,0,0,0,0,1,1,2,1,1,1,1,0,2015-01-22 13:39:29,1
239648,310776,868,812,552,676,46241438,62419139,2408,2350,7140,7140,54685856190,61129574502,2724,3795,0,0,11126,9302,160,167,0,0,0,0,0,0,0,34,36,91,81,30,28,36,0,2015-01-22 13:52:33,28
1291448,1943654,2015,1885,2843,4415,50638347,68743516,13170,14192,16575,16575,127589580051,144809724248,6433,8707,0,0,77266,80920,1133,1088,0,0,0,0,0,0,0,75,73,224,174,67,65,77,0,2015-01-22 13:53:16,65
890628,1401524,992,928,1932,3203,3624560,5049864,9153,10101,8160,8160,63821193947,61697126989,3202,4282,0,0,25216,23057,306,283,0,0,0,0,0,0,0,32,32,75,98,32,32,34,0,2015-01-22 13:56:22,32
702808,1045664,806,754,1536,2386,3597622,4694239,7078,7690,6630,6630,62250577134,64417004643,2640,3419,0,0,17073,16735,201,188,0,0,0,0,0,0,0,28,26,80,96,28,26,30,0,2015-01-22 13:59:17,26
627536,704154,1364,1276,964,1213,77190038,81522991,4196,4040,11220,11220,96263454238,85564901248,6913,8130,0,0,13780,9923,154,168,0,0,0,0,0,0,0,60,48,154,162,44,44,59,0,2015-01-22 14:02:24,44
1044840,1151678,2418,2262,1501,1851,125354598,131866716,6522,6180,19890,19890,154986959888,148559169984,12723,14896,0,0,56874,45248,725,797,0,0,0,0,0,0,0,92,88,243,289,84,78,109,0,2015-01-22 14:05:16,78
1327280,1859692,2108,1972,2951,3733,50254608,53126930,12560,12896,17340,17340,143296330186,132573571181,8680,11027,0,0,99347,89625,1414,1425,0,0,0,0,0,0,0,82,78,235,208,74,68,84,0,2015-01-22 14:08:20,68
792080,1220494,993,929,2043,2626,3573793,5153661,8718,9145,8160,8160,55868914822,68759413900,2981,4226,0,0,21612,20342,275,264,0,0,0,0,0,0,0,36,34,107,77,32,32,40,0,2015-01-22 14:11:21,32
802360,1188984,3413,3190,1815,2168,180085476,262506868,7964,7564,28050,28050,210832614320,238800887465,12708,23540,0,0,101504,17933,1434,1873,0,0,0,0,0,0,0,160,144,345,363,128,114,148,0,2015-01-22 14:14:17,110
982992,1585120,4465,4176,2371,2912,213242289,311508962,10478,10072,36720,36720,322808581700,299230553546,16474,31470,0,0,227818,18895,2984,3859,0,0,0,0,0,0,0,216,194,384,389,154,144,167,0,2015-01-22 14:17:19,144
1077112,1468402,5797,5423,1911,2276,333332741,483882722,8696,7564,47685,47685,414052326183,399054813433,22697,40552,0,0,128135,35097,1677,2083,0,0,0,0,0,0,0,272,285,579,579,201,187,231,0,2015-01-22 14:20:16,187
865120,1146026,4495,4205,1465,1765,288952793,418596222,6700,5808,36975,36975,303273950788,337719913533,17796,31184,0,0,50763,15569,703,874,0,0,0,0,0,0,0,209,191,425,392,157,145,174,0,2015-01-22 14:23:21,145
974304,1267080,4403,4118,1774,2161,238838209,339924443,7974,7226,36210,36210,305339407465,331166784409,17073,28336,0,0,71605,32365,944,1096,0,0,0,0,0,0,0,217,188,372,402,159,142,171,0,2015-01-22 14:26:16,142
1213604,1545062,3782,3538,2758,3395,137598964,185447139,12017,11769,31110,31110,255170735528,272389165381,11979,16493,0,0,69269,64397,1058,1104,0,0,0,0,0,0,0,152,162,335,367,130,122,148,0,2015-01-22 14:29:17,122
927008,1186370,2947,2757,2121,2601,139925890,189553582,9180,9027,24225,24225,199698559509,212612768976,9347,12859,0,0,41231,35203,611,636,0,0,0,0,0,0,0,119,113,262,265,98,95,107,0,2015-01-22 14:32:17,95
1141196,1927966,2232,2088,2730,4375,72188039,98254042,12878,13984,18360,18360,138853897228,164641282198,6699,9748,0,0,60961,51349,875,871,0,0,0,0,0,0,0,100,84,192,218,92,82,90,0,2015-01-22 14:35:18,72
547992,1052952,403,377,1403,2433,1052266,2061741,6690,7638,3315,3315,36370301104,27788362698,1073,1818,0,0,11008,10985,109,95,0,0,0,0,0,0,0,13,13,39,48,13,13,16,0,2015-01-22 14:38:20,13
1075300,1669404,2575,2407,2815,4028,67318774,87618806,12437,13684,21165,21165,158188713618,183975235840,7285,9306,0,0,53764,55707,875,801,0,0,0,0,0,0,0,110,101,231,223,85,83,102,0,2015-01-22 14:41:17,83
997552,1289626,3414,3192,2734,3232,106762269,136714815,11238,11970,28050,28050,221697264683,258248901060,9872,11826,0,0,64090,57910,1028,952,0,0,0,0,0,0,0,158,140,318,347,120,110,132,0,2015-01-22 14:44:16,110
1048728,1407968,4836,4524,2634,3048,231238951,324692952,11132,11134,39780,39780,346269457390,322702179220,15869,25423,0,0,63241,34820,951,1027,0,0,0,0,0,0,0,242,228,450,480,162,158,195,0,2015-01-22 14:47:17,156
1133576,1673314,9455,8845,2130,2133,497625279,727339354,9720,7424,77775,77775,628880517026,678394359925,35715,68800,0,0,217715,8656,3299,4420,0,0,0,0,0,0,0,571,613,869,809,333,305,358,0,2015-01-22 14:50:17,305
1101928,1624568,9176,8584,2072,2072,550519776,804000280,9442,7186,75480,75480,617374694569,632489534194,34692,66955,0,0,169543,6461,2432,3277,0,0,0,0,0,0,0,525,520,799,835,336,298,362,0,2015-01-22 14:53:17,296
869652,1117742,3876,3626,2119,2173,244738363,334204023,8519,7881,31875,31875,266588855580,251603672895,13922,23827,0,0,37688,14831,543,680,0,0,0,0,0,0,0,178,184,336,343,133,125,144,0,2015-01-22 14:56:16,125
1593864,2390160,2109,1972,4583,5620,25002370,26304259,18817,19952,17340,17340,135037634680,126487720986,6280,7676,0,0,243001,222265,3282,3196,0,0,0,0,0,0,0,74,76,224,189,68,68,83,0,2015-01-22 14:59:16,68
725408,958272,2418,2262,1910,2116,145612341,182095646,7703,7657,19890,19890,164133275864,142693543572,8120,12594,0,0,42227,13496,494,585,0,0,0,0,0,0,0,100,94,204,206,84,78,93,0,2015-01-22 15:02:17,78
988248,1369936,5704,5336,2293,2558,307846919,441427603,9846,9216,46920,46920,389209873071,387105163300,20054,35460,0,0,88063,17866,1207,1489,0,0,0,0,0,0,0,288,282,526,510,204,190,215,0,2015-01-22 15:05:16,184
900000,1244620,5146,4814,2093,2338,288386728,412976143,9000,8424,42330,42330,346462581245,348648825454,18026,31797,0,0,76306,17398,1017,1258,0,0,0,0,0,0,0,246,242,478,488,174,170,212,0,2015-01-22 15:08:17,166
977116,1359216,5766,5394,2249,2499,355504863,510968912,9677,8999,47430,47430,395012757834,377894176531,20336,36193,0,0,70189,16714,981,1212,0,0,0,0,0,0,0,269,261,488,499,206,186,210,0,2015-01-22 15:11:17,186
922956,1304816,6200,5800,1982,2188,383486186,549121844,8767,7660,51000,51000,434150753824,423456141780,22172,39591,0,0,77540,22403,1049,1298,0,0,0,0,0,0,0,299,292,580,507,222,202,234,0,2015-01-22 15:14:16,200
967368,1366224,6542,6120,2058,2308,368227309,524492904,9222,7973,53805,53805,456448229327,471561358499,22950,40120,0,0,163381,51816,2480,3066,0,0,0,0,0,0,0,319,345,599,603,227,211,244,0,2015-01-22 15:17:16,211
983604,1278590,4372,4090,1943,2444,233900046,320989030,8729,8159,35955,35955,297600053424,278299382131,15428,23044,0,0,53457,28044,716,777,0,0,0,0,0,0,0,189,203,406,399,151,143,157,0,2015-01-22 15:20:19,141
1033480,1313546,3875,3625,2022,2635,187136250,251434140,9054,8718,31875,31875,276132008448,246107229206,13650,18324,0,0,61325,46226,778,808,0,0,0,0,0,0,0,160,161,377,336,129,125,150,0,2015-01-22 15:23:17,125
1231032,1546660,4278,4002,2316,3066,175148528,234721948,10398,10084,35190,35190,296619393762,270874744423,15578,20556,0,0,90542,66141,1158,1200,0,0,0,0,0,0,0,176,190,424,380,146,140,159,0,2015-01-22 15:26:16,138
1098412,1385264,4030,3770,2115,2763,196170101,263017810,9505,9158,33150,33150,293763609153,298112975646,14362,19126,0,0,70050,55756,914,952,0,0,0,0,0,0,0,164,184,386,390,134,130,157,0,2015-01-22 15:29:17,130
1340952,2149666,2945,2755,3606,4809,73314055,99126671,15708,16542,24225,24225,201552419322,188713739208,9057,12985,0,0,92549,67905,1308,1362,0,0,0,0,0,0,0,125,107,262,264,99,97,113,0,2015-01-22 15:32:21,95
913796,1398360,3038,2842,2384,3087,166170659,225391423,10439,10609,24990,24990,203124576501,201010283033,9264,13456,0,0,35793,31976,516,539,0,0,0,0,0,0,0,118,122,308,304,110,98,121,0,2015-01-22 15:35:19,98
787400,994340,4371,4089,1305,1316,324607504,461572292,5722,4614,35955,35955,298822651140,290308312366,18206,31079,0,0,50644,16839,666,848,0,0,0,0,0,0,0,197,204,401,399,153,143,164,0,2015-01-22 15:38:18,141
1106880,1339422,5425,5075,1745,1745,326896041,458172889,7572,6166,44625,44625,380178281524,375952469446,23657,38729,0,0,84924,32510,1235,1555,0,0,0,0,0,0,0,253,244,503,482,189,175,207,0,2015-01-22 15:41:18,175
960208,1359010,2511,2349,2437,2733,166650888,208028785,9760,9746,20655,20655,175941093876,184532381671,9230,13669,0,0,34641,25198,443,482,0,0,0,0,0,0,0,105,103,192,210,87,83,94,0,2015-01-22 15:44:17,81
710924,989788,1427,1335,2022,2216,99570861,105408920,7871,8024,11730,11730,98214575703,104698516532,4362,5325,0,0,17320,14235,214,212,0,0,0,0,0,0,0,54,50,131,148,48,46,61,0,2015-01-22 15:47:23,46
854276,1221824,1612,1510,2443,2744,91674341,97870415,9593,9874,13260,13260,113052099273,102325261726,4863,6014,0,0,25201,22681,316,310,0,0,0,0,0,0,0,56,56,163,142,52,52,62,0,2015-01-22 15:50:21,52
825352,1185060,1551,1451,2362,2655,68426210,72536853,9286,9564,12750,12750,116706052902,99550581521,4676,5803,0,0,34230,31386,430,428,0,0,0,0,0,0,0,60,53,138,144,52,50,54,0,2015-01-22 15:53:18,50
1025104,1421486,1984,1856,2514,2864,81439742,84551656,10144,10254,16320,16320,137990136298,142315735659,7853,9630,0,0,80231,69943,1091,1098,0,0,0,0,0,0,0,77,77,174,154,64,64,78,0,2015-01-22 15:56:18,64
1008352,1239274,2201,2059,1756,1981,138612868,142928908,7324,6996,18105,18105,154802046983,148359390103,11757,14180,0,0,69602,37660,972,1100,0,0,0,0,0,0,0,84,81,200,211,75,73,81,0,2015-01-22 15:59:16,71
962684,1304482,3132,2929,1898,2195,154538582,203160278,8091,7665,25755,25755,200117021895,232372979942,13490,19882,0,0,81216,63005,1157,1335,0,0,0,0,0,0,0,135,137,304,318,107,101,119,0,2015-01-22 16:02:17,101
871568,1230154,6014,5626,1842,2055,382002508,544782006,8264,7088,49470,49470,422044629206,396319715647,21212,37264,0,0,51605,22592,754,928,0,0,0,0,0,0,0,302,306,536,576,215,196,244,0,2015-01-22 16:05:18,194
823416,1161046,5611,5249,1743,1952,350059246,500451023,7836,6743,46155,46155,415745874274,396491658318,19686,34519,0,0,49426,15567,654,807,0,0,0,0,0,0,0,275,257,550,528,193,183,225,0,2015-01-22 16:08:16,181
967384,1364516,6510,6090,2058,2296,353845139,506681511,9206,7944,53550,53550,413377265491,452125309193,22890,40173,0,0,91101,37940,1257,1511,0,0,0,0,0,0,0,346,339,573,636,256,212,252,0,2015-01-22 16:11:16,210
1355032,1513500,3100,2900,2842,3235,144774684,154097936,11370,11270,25500,25500,221389506568,197771452324,12157,13756,0,0,54706,47602,725,729,0,0,0,0,0,0,0,118,126,285,310,104,102,118,0,2015-01-22 16:14:17,100
1227816,1598110,2511,2350,2462,3405,115738202,124988348,10674,11139,20655,20655,182082403216,184269033353,9968,11675,0,0,66929,52971,769,726,0,0,0,0,0,0,0,93,93,257,289,83,81,102,0,2015-01-22 16:17:17,81
680368,1405772,589,551,1422,3219,1348192,2780406,7812,9274,4845,4845,47587894190,39000679856,1656,2883,0,0,22282,20380,235,199,0,0,0,0,0,0,0,19,19,62,74,19,19,22,0,2015-01-22 16:20:25,19
734256,1540160,620,580,1540,3540,1291035,2710452,8508,10100,5100,5100,38409682300,49151029309,1726,3052,0,0,23403,21399,254,214,0,0,0,0,0,0,0,20,20,56,64,20,20,26,0,2015-01-22 16:23:26,20
804064,1184438,1395,1305,1604,2369,23088495,27885539,7276,7628,11475,11475,120433987787,105418320192,5779,7353,0,0,27846,22773,329,320,0,0,0,0,0,0,0,53,59,129,144,47,47,58,0,2015-01-22 16:26:23,45
1021840,1545680,1736,1624,2240,3070,22562300,27788006,9772,10214,14280,14280,103109247811,124614386210,6906,8989,0,0,34196,29097,415,412,0,0,0,0,0,0,0,72,60,169,171,56,56,67,0,2015-01-22 16:29:19,56
717352,1340604,868,812,1742,2886,8158485,10724934,8146,9132,7140,7140,65452417002,54729936923,2739,4215,0,0,28822,27016,324,287,0,0,0,0,0,0,0,30,29,83,77,28,28,32,0,2015-01-22 16:32:16,28
568320,1144022,589,551,1449,2501,1520303,3041606,6856,7808,4845,4845,39912388178,39909849974,1563,2762,0,0,16186,15241,171,154,0,0,0,0,0,0,0,19,21,60,51,19,19,21,0,2015-01-22 16:35:16,19
823848,1234940,1395,1305,1610,2385,75167179,77982952,7308,7721,11475,11475,101140352774,99017009965,6860,8604,0,0,29570,23948,410,445,0,0,0,0,0,0,0,47,45,331,290,140,140,150,0,2015-01-22 16:38:17,45
970528,1354688,1519,1421,2103,2653,92087388,94940729,8900,9222,12495,12495,103273074173,120485113772,7739,9369,0,0,38706,26034,513,559,0,0,0,0,0,0,0,49,51,540,543,261,261,309,0,2015-01-22 16:41:21,49
1211920,1618292,2232,2088,2808,3255,95162983,98477274,11452,11591,18360,18360,152014254654,130571185360,9724,11631,0,0,70125,54466,962,1026,0,0,0,0,0,0,0,74,74,693,796,366,359,379,0,2015-01-22 16:44:16,72
928616,1137146,2046,1914,2589,2655,111040205,116417379,9842,9824,16830,16830,132095736364,132118926471,6419,7308,0,0,42156,39915,531,546,0,0,0,0,0,0,0,68,66,650,640,302,302,370,0,2015-01-22 16:47:16,66
966804,1364210,1954,1827,2727,3054,92818176,97752943,10813,11089,16065,16065,133183147888,122472609711,5944,7229,0,0,46243,47341,590,587,0,0,0,0,0,0,0,67,65,690,594,310,301,324,0,2015-01-22 16:50:20,63
1051344,1284600,3350,3132,2792,2947,179759778,221194490,10944,10696,27540,27540,236154819732,255524082014,10493,13323,0,0,46497,41590,592,614,0,0,0,0,0,0,0,130,132,439,451,176,172,214,0,2015-01-22 16:53:16,108
952784,1138834,3627,3393,2436,2597,208202862,264963836,9760,9378,29835,29835,269166174394,267007847192,11369,14872,0,0,31303,23220,390,408,0,0,0,0,0,0,0,149,165,337,338,131,129,147,0,2015-01-22 16:56:21,117
1095344,1650750,2697,2523,3072,3725,75005856,98790249,12736,13300,22185,22185,195507132782,189065542427,7790,10379,0,0,54272,47600,816,777,0,0,0,0,0,0,0,99,105,270,291,91,87,112,0,2015-01-22 16:59:16,87
1045268,1607572,2604,2436,2967,3696,52869257,69684954,12395,13255,21420,21420,194809702233,181977285121,7252,9543,0,0,58234,50087,857,795,0,0,0,0,0,0,0,100,98,246,250,90,84,98,0,2015-01-22 17:02:16,84
1022228,1490236,3007,2813,2788,3280,94167726,126638764,11545,11853,24735,24735,198326320460,187622823253,9354,13922,0,0,93946,67749,1385,1407,0,0,0,0,0,0,0,125,123,307,305,101,97,112,0,2015-01-22 17:05:16,97
1279280,1628476,7130,6670,2926,2832,287123737,413505461,11828,10340,58650,58650,535257419195,505285500980,26117,46157,0,0,387020,74018,5291,6695,0,0,0,0,0,0,0,382,372,660,695,272,238,281,0,2015-01-22 17:08:16,230
1142600,1392462,5549,5191,2732,2625,277168737,384643407,10766,9666,45645,45645,343581640346,371588069258,20037,34002,0,0,134922,37413,1686,2090,0,0,0,0,0,0,0,255,249,486,522,189,181,206,0,2015-01-22 17:11:16,179
874948,1156410,1891,1769,1648,2283,53685397,71468960,7335,7492,15555,15555,132542977046,128263506365,8109,10773,0,0,50488,33762,631,652,0,0,0,0,0,0,0,71,81,171,190,65,61,73,0,2015-01-22 17:14:16,61
1242388,1817568,1737,1624,2784,3882,19350658,23116066,12206,12990,14280,14280,102623102572,137033638371,7251,8901,0,0,62801,57921,854,832,0,0,0,0,0,0,0,60,66,165,176,58,58,69,0,2015-01-22 17:17:20,56
838696,1178494,1333,1247,1711,2433,26029511,30944293,7644,8024,10965,10965,92959007798,92960547946,5742,7012,0,0,37843,32649,403,390,0,0,0,0,0,0,0,52,49,136,122,45,45,54,0,2015-01-22 17:20:22,43
947544,1183674,3193,2987,1754,2336,133493396,177333667,7910,7666,26265,26265,222430108594,216026127608,11755,15438,0,0,53868,43996,699,724,0,0,0,0,0,0,0,127,139,324,315,107,103,127,0,2015-01-22 17:23:20,103
1148384,1445074,4061,3799,2178,2872,168962709,225442937,9808,9470,33405,33405,277911612548,273626110249,14635,19417,0,0,88427,62034,1065,1104,0,0,0,0,0,0,0,175,177,363,371,131,131,156,0,2015-01-22 17:26:16,131
947352,1132396,2728,2552,2160,2495,144447320,182120460,8906,8762,22440,22440,188035074708,190201334032,9215,11664,0,0,32097,26801,377,381,0,0,0,0,0,0,0,112,105,250,247,90,88,108,0,2015-01-22 17:29:16,88
865996,978896,1581,1479,2141,2321,88677002,92782613,8383,8431,13005,13005,107312762798,105180232269,5213,5761,0,0,27374,24307,370,370,0,0,0,0,0,0,0,53,57,138,135,51,51,64,0,2015-01-22 17:32:24,51
1033576,1157876,1984,1856,2589,2758,84516768,88736746,10058,10067,16320,16320,136869408193,132608773388,6511,7154,0,0,48122,44529,655,659,0,0,0,0,0,0,0,70,72,195,187,64,64,73,0,2015-01-22 17:35:16,64
920040,1293756,2542,2378,2406,2840,123710370,156826891,9946,9991,20910,20910,205156100660,175125723364,7831,10638,0,0,50454,46937,673,682,0,0,0,0,0,0,0,104,106,297,212,84,82,93,0,2015-01-22 17:38:25,82
801384,1241636,3038,2842,2070,2606,178214071,241614762,9018,8960,24990,24990,213864981798,198882858575,9214,13501,0,0,29419,25438,375,383,0,0,0,0,0,0,0,112,122,302,290,100,98,110,0,2015-01-22 17:41:19,98
933952,1493934,3317,3103,2448,3085,147458187,202671242,10624,10666,27285,27285,240084091393,229385464556,10212,15447,0,0,75542,70575,1105,1151,0,0,0,0,0,0,0,151,139,333,340,123,107,123,0,2015-01-22 17:44:17,107
1012608,1492382,8526,7977,1901,1906,530535237,770125267,8692,6612,70125,70125,628721390973,645985733975,32176,62003,0,0,124669,6323,1867,2486,0,0,0,0,0,0,0,485,477,761,812,313,275,334,0,2015-01-22 17:47:17,275
999416,1464412,8370,7830,1875,1870,536242999,780854624,8578,6508,68850,68850,580531242420,591378811697,31563,60617,0,0,119618,9204,1654,2245,0,0,0,0,0,0,0,474,512,769,768,295,272,313,0,2015-01-22 17:50:16,270
1154224,1702140,9610,8990,2170,2170,583062113,850711058,9892,7540,79050,79050,686836330849,635458997313,36326,70030,0,0,116008,5435,1652,2225,0,0,0,0,0,0,0,561,542,853,815,346,312,365,0,2015-01-22 17:53:16,310
942248,1388666,7843,7337,1771,1771,556822434,811677316,8078,6144,64515,64515,552999628351,572411150955,29637,57216,0,0,76331,3018,1047,1417,0,0,0,0,0,0,0,446,436,736,737,303,261,325,0,2015-01-22 17:56:17,253
779696,1054114,3875,3625,1896,2233,229481696,315177300,8184,7922,31875,31875,285652165018,283554428351,12463,19242,0,0,28085,16078,383,422,0,0,0,0,0,0,0,168,174,352,397,129,125,160,0,2015-01-22 17:59:17,125
919840,1218826,3937,3683,2348,2825,188412978,252062450,10018,10071,32385,32385,277199712642,272926854805,11789,15930,0,0,40357,30956,569,565,0,0,0,0,0,0,0,182,171,400,365,131,129,153,0,2015-01-22 18:02:18,127
940800,1222194,3224,3016,2364,2859,134283819,179742521,10012,10246,26520,26520,231542526721,235884657638,9677,12761,0,0,30011,23454,464,455,0,0,0,0,0,0,0,138,130,265,270,108,104,113,0,2015-01-22 18:05:16,104
1118964,1395784,2387,2233,2726,3320,70436657,91479618,11431,11936,19635,19635,166404315506,164250618661,7280,8761,0,0,48843,43006,681,644,0,0,0,0,0,0,0,91,89,230,209,83,77,100,0,2015-01-22 18:08:17,77
1297544,1599430,2635,2465,2934,3658,51645401,66157956,12458,12920,21675,21675,162026448791,196405951387,8835,10561,0,0,95472,83704,1367,1321,0,0,0,0,0,0,0,103,93,263,258,89,85,99,0,2015-01-22 18:11:18,85
1239536,1481188,2077,1943,2338,3089,31352138,37078852,10244,10384,17085,17085,143002203267,140861079526,8623,10180,0,0,43390,37902,570,564,0,0,0,0,0,0,0,71,73,221,229,67,67,84,0,2015-01-22 18:14:16,67
1084160,1297308,1860,1741,2055,2710,26475567,31336536,9042,9134,15300,15300,140811936711,138689857942,7639,9075,0,0,46806,38486,592,589,0,0,0,0,0,0,0,68,74,169,176,60,60,73,0,2015-01-22 18:17:19,60
808952,1258220,961,899,1740,2866,3022944,4244179,8338,9106,7905,7905,72108070301,65664718445,3136,4194,0,0,29915,28823,411,393,0,0,0,0,0,0,0,37,31,101,88,34,34,38,0,2015-01-22 18:20:20,31
775656,1152072,1364,1276,1714,2608,50207270,68072492,7906,8432,11220,11220,96793044333,96818474012,4349,5910,0,0,20317,17963,231,218,0,0,0,0,0,0,0,50,50,115,123,46,44,54,0,2015-01-22 18:23:16,44
1083056,1526038,7161,6699,2324,2627,335863242,476497332,10416,9082,58905,58905,493627540876,476478351342,24919,43115,0,0,123547,35938,1839,2271,0,0,0,0,0,0,0,372,355,683,759,257,231,275,0,2015-01-22 18:26:22,231
976112,1381299,6635,6206,2072,2321,409140202,581369278,9294,7991,54570,54570,439572380558,454685180905,23302,41077,0,0,65941,19986,904,1109,0,0,0,0,0,0,0,314,327,637,601,228,216,254,0,2015-01-22 18:29:16,214
859984,1222336,3597,3364,2188,2615,179182721,249850661,9334,9379,29580,29580,278553861496,278602973669,11801,19006,0,0,42567,20359,626,680,0,0,0,0,0,0,0,155,150,336,348,132,118,145,0,2015-01-22 18:32:17,116
909800,1337382,2077,1943,2568,3253,72277212,94248434,10812,11626,17085,17085,131377951536,135683399631,5846,7349,0,0,32871,30298,500,462,0,0,0,0,0,0,0,79,72,193,210,69,67,86,0,2015-01-22 18:35:18,67
664592,975700,1798,1682,1872,2302,65667729,85836596,7772,8320,14790,14790,119378062269,108656721943,5067,6479,0,0,25213,22085,390,358,0,0,0,0,0,0,0,68,76,183,183,60,60,74,0,2015-01-22 18:38:16,58
953936,1470812,2294,2146,2704,3374,69791455,91219055,11372,12066,18870,18870,172070601776,163520311687,6380,8463,0,0,38614,31341,592,548,0,0,0,0,0,0,0,84,86,221,212,74,74,92,0,2015-01-22 18:41:17,74
1061360,1481744,2233,2088,2625,3213,56440144,69841908,11092,11484,18360,18360,167911519014,135711117500,7545,9620,0,0,46661,38660,690,693,0,0,0,0,0,0,0,82,82,224,183,76,74,86,0,2015-01-22 18:44:17,72
1183132,1311361,2422,2263,2046,2315,94067552,96998353,8613,8251,19890,19890,164995742704,182222802112,12213,14425,0,0,72943,63663,1108,1214,0,0,0,0,0,0,0,96,94,248,231,82,80,104,0,2015-01-22 18:47:16,78
1297744,1628672,2232,2088,2631,3157,61126955,63655937,11092,11108,18360,18360,177769380308,156342619188,10193,12340,0,0,79770,68198,1165,1251,0,0,0,0,0,0,0,78,84,216,223,72,72,87,0,2015-01-22 18:50:17,72
1202272,1597892,2449,2291,2319,2719,125845329,129698069,9688,9512,20145,20145,180719443924,178608184234,12487,15449,0,0,63865,46033,914,1022,0,0,0,0,0,0,0,103,99,224,208,80,80,90,0,2015-01-22 18:53:16,79
1014560,1360212,2046,1914,1976,2326,116117894,119893085,8288,8170,16830,16830,136799614344,128235540396,10354,12783,0,0,63539,49665,924,1012,0,0,0,0,0,0,0,71,72,194,204,68,66,78,0,2015-01-22 18:56:23,66
1421452,2259886,1550,1450,3701,4906,50582466,52857774,15919,17083,12750,12750,122260169021,126548882369,6411,8315,0,0,52845,45156,712,708,0,0,0,0,0,0,0,54,52,156,159,50,50,54,0,2015-01-22 18:59:16,50
1060172,1845110,837,783,3137,4303,1023211,1800945,13500,14822,6885,6885,55924087170,49481439448,2117,3449,0,0,70249,62721,915,836,0,0,0,0,0,0,0,27,31,98,87,35,35,40,0,2015-01-22 19:02:46,27
539448,807602,682,638,1300,1698,46069866,47550124,5560,5874,5610,5610,40515797738,44817694039,3143,3922,0,0,10948,9399,141,148,0,0,0,0,0,0,0,24,22,65,56,22,22,25,0,2015-01-22 19:05:33,22
864328,947856,1736,1624,1470,1652,133699589,136996903,6154,5852,14280,14280,111438137902,113619361726,8963,10525,0,0,28530,20454,401,446,0,0,0,0,0,0,0,58,58,186,172,56,56,69,0,2015-01-22 19:08:17,56
1184296,1307340,2325,2175,2052,2325,107172746,110428119,8602,8238,19125,19125,172435091060,150976354300,11836,13893,0,0,57600,38715,826,911,0,0,0,0,0,0,0,87,85,256,218,75,75,86,0,2015-01-22 19:11:18,75
1249512,1543054,2728,2552,2531,3043,124089156,142934149,10788,10687,22440,22440,199308531701,180034340295,11663,14519,0,0,72245,60695,876,941,0,0,0,0,0,0,0,98,108,297,282,89,88,116,0,2015-01-22 19:14:16,88
717100,1066908,2666,2494,1838,2345,146032810,197585419,8036,8055,21930,21930,155607330794,177110227922,8182,11796,0,0,32993,33511,499,524,0,0,0,0,0,0,0,98,104,256,266,92,86,98,0,2015-01-22 19:17:16,86
184080,267972,744,697,466,584,37988795,51470863,2030,2005,6120,6120,52515172533,50364370076,2286,3292,0,0,8821,6543,162,175,0,0,0,0,0,0,0,28,26,83,69,26,24,28,0,2015-01-22 19:20:19,24
29024,34372,62,58,44,64,1147351,1362844,200,202,510,510,2089823250,4235837003,290,340,0,0,2609,2608,30,30,0,0,0,0,0,0,0,2,2,9,17,4,4,5,0,2015-01-22 19:45:19,2
238152,290678,961,899,602,655,32491302,43750383,2446,2342,7905,7905,75326553086,73195308439,3005,4010,0,0,26367,22933,289,304,0,0,0,0,0,0,0,43,37,81,70,31,31,33,0,2015-01-22 19:49:41,31
1124528,1322744,4092,3828,2898,3044,186499376,232968023,11500,11068,33660,33660,279746561587,275508519730,12836,16547,0,0,90876,79932,1094,1155,0,0,0,0,0,0,0,186,186,381,373,144,132,168,0,2015-01-22 19:50:17,132
835456,1049310,2945,2755,2173,2369,182567975,229006827,8748,8496,24225,24225,219165206148,214872826906,9168,12098,0,0,20902,15549,254,265,0,0,0,0,0,0,0,128,129,278,265,103,97,109,0,2015-01-22 19:53:16,95
824928,1239822,1457,1363,2376,2741,74255388,78516284,9444,9756,11985,11985,103763956991,95198036963,4340,5567,0,0,26473,21293,336,329,0,0,0,0,0,0,0,47,52,154,153,47,47,56,0,2015-01-22 19:56:16,47
1171488,1707456,2170,2030,3353,3807,86955537,91603639,13250,13641,17850,17850,135722136096,148637808741,6520,8166,0,0,64310,62541,822,806,0,0,0,0,0,0,0,82,73,204,213,74,70,88,0,2015-01-22 19:59:17,70
873068,1263676,1612,1508,2496,2821,76539894,80714965,9867,10141,13260,13260,111736456803,105304186030,4852,6043,0,0,43543,41199,581,574,0,0,0,0,0,0,0,58,66,147,167,52,52,60,0,2015-01-22 20:02:16,52
763064,1440466,899,841,2262,2987,2318182,4383195,9722,10318,7395,7395,64431661760,55839651792,2276,4052,0,0,22311,21713,294,284,0,0,0,0,0,0,0,29,31,91,81,29,29,39,0,2015-01-22 20:05:16,29
784424,1488588,930,870,2340,3090,2300577,4367263,9962,10644,7650,7650,72953434388,75104504621,2362,4200,0,0,23434,22702,301,286,0,0,0,0,0,0,0,32,30,95,104,30,30,40,0,2015-01-22 20:08:23,30
522332,985732,620,580,1549,2046,1871046,3532666,6647,7047,5100,5100,43886119213,37453105388,1571,2799,0,0,11569,10951,145,140,0,0,0,0,0,0,0,22,20,63,64,20,20,27,0,2015-01-22 20:11:18,20
739028,921802,3598,3365,1769,1729,238810308,326780778,7021,6319,29580,29580,227326171332,266019436799,13039,22336,0,0,46395,9391,594,754,0,0,0,0,0,0,0,152,156,323,321,120,116,133,0,2015-01-22 20:14:17,116
767104,986726,4433,4147,1729,1677,343014882,485099415,7060,6090,36465,36465,292559616771,290462351559,16296,29272,0,0,36787,7062,458,597,0,0,0,0,0,0,0,211,193,361,403,145,143,178,0,2015-01-22 20:17:17,143
963568,1501494,5053,4727,2273,2553,245469732,358113883,9712,8924,41565,41565,351787938491,360400941662,18472,34641,0,0,96671,17926,1366,1761,0,0,0,0,0,0,0,227,249,506,523,177,163,196,0,2015-01-22 20:20:16,163
981544,1622838,5177,4843,2305,2705,257571944,376231139,10150,9346,42585,42585,390116657558,353653076133,18942,36432,0,0,123473,26382,2002,2562,0,0,0,0,0,0,0,227,232,490,542,175,169,197,0,2015-01-22 20:23:17,167
936560,1235150,5239,4901,1625,1675,359257140,509747664,7136,5884,43095,43095,360955377995,358883389817,21535,37488,0,0,75030,11847,1038,1304,0,0,0,0,0,0,0,267,234,502,530,191,169,204,0,2015-01-22 20:26:16,169
966020,1185080,5115,4786,1549,1547,376568041,508864025,6771,5443,42075,42075,365147511006,350196091436,21896,36460,0,0,72398,20239,1019,1320,0,0,0,0,0,0,0,210,223,472,538,175,169,204,0,2015-01-22 20:29:16,165
834576,1166772,5487,5133,1769,1989,393671699,558325950,7892,6848,45135,45135,386210863117,375502021300,19310,33273,0,0,44208,15743,617,749,0,0,0,0,0,0,0,244,245,560,604,201,184,221,0,2015-01-22 20:32:17,177
786984,1109958,5301,4959,1673,1877,374354538,534413938,7510,6444,43605,43605,385658551690,359919868344,18587,32756,0,0,49654,14909,683,846,0,0,0,0,0,0,0,249,227,520,512,189,175,213,0,2015-01-22 20:35:16,171
1162328,1519242,6293,5887,2247,2481,306710781,420610714,9906,8636,51765,51765,405296836887,413964899653,23770,39423,0,0,141695,45260,1979,2422,0,0,0,0,0,0,0,317,314,598,558,225,203,243,0,2015-01-22 20:38:16,203
1639784,1825484,3131,2929,2901,3317,91726089,94891209,12194,11800,25755,25755,208224857676,216839271486,15674,18282,0,0,102357,85845,1531,1662,0,0,0,0,0,0,0,147,135,290,308,105,101,118,0,2015-01-22 20:41:19,101
1172688,1332342,3658,3422,1923,2065,215837977,272336912,8136,7330,30090,30090,269271326056,239217921963,17232,24520,0,0,97071,57105,1335,1568,0,0,0,0,0,0,0,177,154,325,356,132,120,130,0,2015-01-22 20:44:25,118
1080092,1309116,5487,5133,1717,1710,324726281,459866522,7449,6056,45135,45135,392082717278,374946408309,23640,38745,0,0,96624,29280,1387,1771,0,0,0,0,0,0,0,243,251,511,528,189,179,227,0,2015-01-22 20:47:16,177
1081408,1322752,5456,5104,1731,1736,391607390,551707479,7528,6136,44880,44880,375539113226,390599592638,23498,38901,0,0,72013,32838,961,1175,0,0,0,0,0,0,0,228,232,493,544,186,178,202,0,2015-01-22 20:50:16,176
754624,1082066,1798,1682,2071,2596,58544155,74217161,8694,9314,14790,14790,127197287462,127216331238,5337,6631,0,0,23544,22531,401,372,0,0,0,0,0,0,0,62,64,165,189,58,58,71,0,2015-01-22 20:53:16,58
1237472,1948650,2139,2001,3564,4659,38175050,50044816,15050,16410,17595,17595,151340076311,151359294688,5957,7702,0,0,73486,70176,1181,1087,0,0,0,0,0,0,0,81,79,224,198,71,69,80,0,2015-01-22 20:56:19,69
1196104,1537130,5177,4843,1964,2494,184884314,264843740,8986,8132,42585,42585,369556371541,333097769824,20998,34696,0,0,237493,68101,3217,3944,0,0,0,0,0,0,0,269,275,481,476,193,167,194,0,2015-01-22 20:59:32,167
1128452,1484013,5831,5453,1895,2308,321213961,463776012,8694,7609,47940,47940,406530402606,389412678290,23135,39670,0,0,156516,54607,1983,2462,0,0,0,0,0,0,0,306,302,527,550,216,194,223,0,2015-01-22 21:02:16,188
1075024,1426894,5611,5249,1822,2192,295413000,428175208,8332,7246,46155,46155,399404146707,347956201204,22204,38805,0,0,150842,30270,1944,2428,0,0,0,0,0,0,0,271,239,513,594,201,181,224,0,2015-01-22 21:05:16,181
1258152,1654222,6231,5829,2112,2582,273981442,396263502,9666,8510,51255,51255,461855397769,423273828420,24805,42739,0,0,232711,46967,3002,3746,0,0,0,0,0,0,0,295,297,599,604,217,201,237,0,2015-01-22 21:08:19,201
871664,1126448,3782,3538,1578,1999,208287116,293424999,7144,6606,31110,31110,254144054901,269243914170,14352,22548,0,0,58555,22747,713,844,0,0,0,0,0,0,0,171,168,342,340,134,124,149,0,2015-01-22 21:11:16,122
1015696,1289828,3782,3538,1980,2584,193811892,260616978,8868,8550,31110,31110,262592070297,260493751655,13361,17901,0,0,61349,54281,733,761,0,0,0,0,0,0,0,156,153,375,387,128,122,161,0,2015-01-22 21:14:18,122
1081652,1300422,3907,3655,2420,2792,209148333,263622751,10061,9680,32130,32130,281375334299,272818801259,13260,17179,0,0,42621,31444,516,531,0,0,0,0,0,0,0,169,168,394,335,138,132,159,0,2015-01-22 21:17:16,126
880160,1067954,3503,3277,2233,2417,224766303,284428156,9028,8636,28815,28815,244423555999,263797746859,10961,14581,0,0,30191,21472,368,393,0,0,0,0,0,0,0,147,135,354,347,121,113,136,0,2015-01-22 21:20:16,113
975832,1191800,2914,2726,2148,2529,141877510,174991066,8898,8736,23970,23970,182470050213,197484380104,10292,12987,0,0,38928,31338,469,478,0,0,0,0,0,0,0,122,124,280,258,100,98,115,0,2015-01-22 21:23:17,94
901008,1250716,1674,1566,1748,2438,34039811,40588678,7740,7960,13770,13770,102035037909,106359447253,7140,8914,0,0,31162,28028,348,347,0,0,0,0,0,0,0,60,62,169,162,56,56,68,0,2015-01-22 21:26:16,54
832064,1243628,1426,1334,1796,2466,25175893,30546175,7880,8180,11730,11730,93243208491,93254554620,5691,7417,0,0,22370,20969,278,278,0,0,0,0,0,0,0,46,50,141,121,46,46,54,0,2015-01-22 21:29:18,46
782612,1200946,1054,986,1867,2544,16495813,20247174,8120,8646,8670,8670,87095393570,76367774392,3924,5124,0,0,15579,13737,172,167,0,0,0,0,0,0,0,40,34,94,96,36,34,39,0,2015-01-22 21:32:17,34
1277232,1905264,1209,1131,3325,4406,3765696,4978941,14281,15261,9945,9945,77770133094,77790963710,3753,4868,0,0,32599,31854,408,387,0,0,0,0,0,0,0,41,43,129,125,39,39,48,0,2015-01-22 21:35:21,39
574152,756784,744,696,1405,1738,19565155,21118417,5846,6092,6120,6120,48438290252,52736252551,2431,2921,0,0,10469,10827,137,136,0,0,0,0,0,0,0,24,24,97,105,24,24,26,0,2015-01-22 21:38:23,24
614528,844030,1209,1131,1752,1917,99060788,104045322,6764,6940,9945,9945,82228411623,88673502351,3706,4441,0,0,10504,9651,119,116,0,0,0,0,0,0,0,39,45,132,136,39,39,49,0,2015-01-22 21:41:17,39
785600,1154180,1426,1334,2255,2568,73771812,77794193,8912,9178,11730,11730,106768488458,89573283853,4274,5389,0,0,26052,24642,322,317,0,0,0,0,0,0,0,52,48,160,188,48,46,63,0,2015-01-22 21:44:16,46
899328,1274038,1705,1595,2570,2865,106547609,112414429,10044,10314,14025,14025,119504702210,113082923176,5178,6342,0,0,20415,21023,271,264,0,0,0,0,0,0,0,57,63,190,200,55,55,64,0,2015-01-22 21:47:18,55
379860,639274,465,435,1034,1456,10077009,11084166,4527,4902,3825,3825,35021301732,35034210843,1348,1859,0,0,6856,6194,74,70,0,0,0,0,0,0,0,15,19,41,46,15,15,15,0,2015-01-22 21:50:21,15
849816,1677614,651,609,2086,3871,1404381,2777656,10216,11856,5355,5355,52267487215,43680081829,1764,3012,0,0,24018,22089,246,208,0,0,0,0,0,0,0,23,23,70,76,23,23,29,0,2015-01-22 21:53:41,21
975424,1666384,899,841,2336,3835,2505245,3635852,10972,12212,7395,7395,62158656707,64309194180,2705,3898,0,0,36070,33801,435,397,0,0,0,0,0,0,0,29,29,91,86,29,29,40,0,2015-01-22 21:56:29,29
1021672,1498272,1178,1102,2236,3426,5111231,6507979,10258,11094,9690,9690,77129063540,83574140560,3865,4969,0,0,27012,24710,319,297,0,0,0,0,0,0,0,40,42,123,131,40,40,49,0,2015-01-22 21:59:24,38
868436,1205870,1364,1276,1775,2422,79518650,81976636,7789,8121,11220,11220,101166167341,94769467906,6643,8090,0,0,28088,24310,367,392,0,0,0,0,0,0,0,49,50,148,135,44,44,55,0,2015-01-22 22:02:18,44
1073896,1517556,1674,1566,2373,3028,74446007,76658436,10145,10522,13770,13770,108174516859,125380974362,8214,10157,0,0,54391,43704,735,796,0,0,0,0,0,0,0,69,66,174,169,65,59,70,0,2015-01-22 22:05:23,54
973544,1289726,1457,1363,2111,2631,44441281,46626997,8992,9218,11985,11985,98614240714,102922058743,6591,7918,0,0,33441,30040,462,482,0,0,0,0,0,0,0,49,47,140,133,47,47,61,0,2015-01-22 22:08:21,47
1010936,1600830,1240,1160,2664,3436,4194174,6196330,11330,11920,10200,10200,84009543388,81863640444,3666,5313,0,0,27053,26102,345,329,0,0,0,0,0,0,0,40,40,130,101,40,40,50,0,2015-01-22 22:11:25,40
963664,1485384,1736,1624,2446,3103,54069493,78091973,10516,10793,14280,14280,117080960687,142882539864,5621,9039,0,0,33860,29382,462,462,0,0,0,0,0,0,0,60,70,191,151,56,56,62,0,2015-01-22 22:14:16,56
960708,1359178,6542,6120,2031,2269,349867357,499879864,9125,7825,53805,53805,456381883667,430668193447,23025,40659,0,0,109194,41580,1468,1765,0,0,0,0,0,0,0,303,313,613,648,221,213,256,0,2015-01-22 22:17:17,211
884352,1257702,6169,5771,1848,2043,382273616,547062259,8308,7054,50745,50745,438854788615,447503315975,21940,39150,0,0,70030,23180,1014,1252,0,0,0,0,0,0,0,315,305,557,564,215,199,223,0,2015-01-22 22:20:18,199
983856,1670712,3348,3132,2198,3656,142928219,197718096,10684,11346,27540,27540,235732126397,237897264747,10469,15882,0,0,111230,87657,1514,1562,0,0,0,0,0,0,0,144,141,297,279,116,108,126,0,2015-01-22 22:23:16,108
750712,1321810,2170,2030,1673,2950,103410688,141130651,8282,9018,17850,17850,142994281503,147286440441,6613,9772,0,0,39364,30534,473,482,0,0,0,0,0,0,0,82,96,213,208,70,70,82,0,2015-01-22 22:26:25,70
636008,1193664,465,435,1669,2766,934007,1734395,7815,8850,3825,3825,26572027994,35158775017,1234,2051,0,0,17784,16364,184,161,0,0,0,0,0,0,0,15,17,61,56,15,15,16,0,2015-01-22 22:29:20,15
899296,1712422,651,609,2354,3959,1352475,2618798,11034,12576,5355,5355,38350782252,49088508102,1728,2899,0,0,22208,20739,240,210,0,0,0,0,0,0,0,25,21,45,79,25,21,26,0,2015-01-22 22:32:20,21
1070120,1624766,2387,2233,2378,3383,151302964,177961727,10652,11168,19635,19635,166085820551,185466545371,9279,12359,0,0,29990,26042,379,386,0,0,0,0,0,0,0,83,95,225,198,79,77,84,0,2015-01-22 22:35:16,77
909864,1056410,3286,3074,1613,1802,196376264,241784758,6918,6330,27030,27030,231408845443,220719983956,13701,17584,0,0,41614,35179,582,646,0,0,0,0,0,0,0,140,142,303,306,112,106,128,0,2015-01-22 22:38:16,106
1034752,1217388,3875,3625,1885,2125,234372134,290005149,8096,7424,31875,31875,270971249464,268890606172,15710,20399,0,0,53180,47002,806,891,0,0,0,0,0,0,0,173,179,376,385,133,127,158,0,2015-01-22 22:41:17,125
1243176,1520248,2945,2755,2870,3432,64779001,83136853,12074,12395,24225,24225,215761499556,181459461771,9991,12171,0,0,87697,79133,1392,1348,0,0,0,0,0,0,0,130,115,302,312,103,97,128,0,2015-01-22 22:44:16,95
1061336,1329190,2356,2204,2620,3184,57389171,74545098,10970,11470,19380,19380,176615825668,172354544865,7113,8587,0,0,42053,37650,628,602,0,0,0,0,0,0,0,94,92,219,226,78,76,86,0,2015-01-22 22:47:21,76
1074432,1147886,2666,2494,2939,2852,151125182,160313434,10884,10778,21930,21930,164668993651,160445377934,8463,9149,0,0,29407,21819,376,375,0,0,0,0,0,0,0,96,96,282,258,88,86,102,0,2015-01-22 22:50:16,86
1031752,1076570,2480,2320,2819,2674,165721584,172467562,10342,10112,20400,20400,166374109123,170681413235,7969,8496,0,0,19300,16155,213,216,0,0,0,0,0,0,0,94,96,234,233,80,80,95,0,2015-01-22 22:53:19,80
752248,1011076,3689,3451,1538,1733,200007275,291181839,6766,6036,30345,30345,277172911745,255735843393,13763,25457,0,0,103907,16023,1506,1971,0,0,0,0,0,0,0,151,157,348,328,125,119,138,0,2015-01-22 22:56:16,119
1142808,1450014,4589,4293,2249,2551,251640329,354529650,9778,8941,37740,37740,318575082615,320749273005,17879,30377,0,0,110040,34342,1568,1960,0,0,0,0,0,0,0,202,202,426,446,160,148,169,0,2015-01-22 22:59:16,148
1284512,1475636,4526,4234,2236,2482,254178445,302527096,9568,8692,37230,37230,313867715870,328947956696,19266,24662,0,0,74410,48431,1005,1117,0,0,0,0,0,0,0,192,211,442,435,158,146,186,0,2015-01-22 23:02:18,146
1201696,1400826,4402,4118,2153,2414,213009750,260538531,9244,8434,36210,36210,290555228936,279892279356,18144,23475,0,0,83072,63102,1185,1313,0,0,0,0,0,0,0,193,199,392,382,146,144,163,0,2015-01-22 23:05:16,142
1280664,1460710,3379,3161,2569,2981,158906912,174712833,10546,10282,27795,27795,242015454535,239925450423,13331,15996,0,0,50983,37927,719,736,0,0,0,0,0,0,0,140,147,313,297,113,111,125,0,2015-01-22 23:08:16,109
1099584,1221794,2511,2349,2341,2635,146509981,155598530,9300,9190,20655,20655,157539848240,185480719452,9769,11038,0,0,26346,23629,307,312,0,0,0,0,0,0,0,91,103,229,239,81,81,94,0,2015-01-22 23:11:17,81
699392,1090032,1581,1479,1644,2549,62568479,77148882,7584,8322,13005,13005,110029696336,112189169529,4834,6177,0,0,28884,21908,381,349,0,0,0,0,0,0,0,55,55,118,147,51,51,53,0,2015-01-22 23:14:16,51
911784,1511752,2015,1885,2251,3621,41274083,54165418,10410,11722,16575,16575,141188774910,136909940768,5727,7506,0,0,61643,49238,865,796,0,0,0,0,0,0,0,71,79,171,200,65,65,76,0,2015-01-22 23:17:22,65
991320,1498836,3844,3596,2366,3362,187312684,252802596,10766,11080,31620,31620,249538525443,264645934522,11686,16527,0,0,58042,46783,871,834,0,0,0,0,0,0,0,164,162,338,380,130,124,138,0,2015-01-22 23:20:16,124
1008384,1364508,5270,4930,2380,2890,269010336,363824847,10552,9914,43350,43350,363862653176,363941554855,16305,23380,0,0,70992,54392,932,993,0,0,0,0,0,0,0,255,239,470,506,190,172,198,0,2015-01-22 23:23:18,170
889096,1203164,4650,4350,2100,2550,310478064,419980466,9298,8732,38250,38250,314497526756,316700776915,14394,20653,0,0,26251,19154,321,347,0,0,0,0,0,0,0,191,205,449,487,158,150,170,0,2015-01-22 23:26:16,150
996684,1322518,4371,4089,2520,3035,189235759,253387199,10795,10775,35955,35955,284565298356,308248060935,13197,17971,0,0,60804,48070,783,795,0,0,0,0,0,0,0,177,187,503,473,149,143,162,0,2015-01-22 23:29:17,141
864656,1145686,3565,3335,2234,2683,189140138,253420957,9464,9612,29325,29325,245008791343,240747506363,10647,14277,0,0,46494,36028,585,591,0,0,0,0,0,0,0,140,143,374,414,125,117,143,0,2015-01-22 23:32:18,115
1078456,1394400,4340,4060,2782,3254,195311858,252677939,11646,11682,35700,35700,303378602286,311995331495,13082,17421,0,0,87375,66513,1296,1336,0,0,0,0,0,0,0,199,172,429,392,152,140,163,0,2015-01-22 23:35:16,140
1006456,1190740,2914,2726,2768,2986,146948974,173797362,10798,11118,23970,23970,211175455409,211196499515,8724,10078,0,0,42534,33466,601,579,0,0,0,0,0,0,0,109,128,265,284,96,94,106,0,2015-01-22 23:38:18,94
932336,1118200,3100,2900,2498,2662,176832238,215030424,9788,9876,25500,25500,217354533933,200198815056,9826,13199,0,0,37256,25725,555,569,0,0,0,0,0,0,0,133,127,275,288,102,102,123,0,2015-01-22 23:41:17,100
841360,1174630,5115,4785,1910,2106,340028331,493014305,8258,7579,42075,42075,377358974312,381701016808,18144,32609,0,0,60766,19978,932,1104,0,0,0,0,0,0,0,257,255,493,498,178,165,197,0,2015-01-22 23:44:17,165
906760,1194310,2976,2786,2078,2477,161835817,233318981,8888,8760,24480,24480,209053081170,194028951169,10455,17356,0,0,39681,26382,561,622,0,0,0,0,0,0,0,136,141,284,287,106,98,106,0,2015-01-22 23:47:17,96
1020880,1422286,1085,1015,2520,3269,3928536,5013439,10766,11358,8925,8925,68175993857,83219200389,3509,4373,0,0,27470,23933,366,356,0,0,0,0,0,0,0,37,35,112,103,35,35,41,0,2015-01-22 23:50:20,35
946776,1387438,930,870,2430,3198,3399031,4433293,10380,11074,7650,7650,49371187447,62265541673,2929,3750,0,0,24794,23800,314,299,0,0,0,0,0,0,0,30,34,121,94,30,30,39,0,2015-01-22 23:53:20,30
938536,1706666,868,812,2127,3922,2002136,3514560,10516,11988,7140,7140,51320689730,64203530716,2588,3909,0,0,34226,31088,403,371,0,0,0,0,0,0,0,28,30,113,107,28,28,40,0,2015-01-22 23:56:21,28
1044424,2177652,899,841,2189,4986,1473118,3066535,12018,14320,7395,7395,71635856482,60909406399,2520,4410,0,0,52401,47823,528,439,0,0,0,0,0,0,0,29,29,105,82,29,29,34,0,2015-01-22 23:59:20,29
731312,1109670,1612,1508,1626,2494,54768993,73997538,7568,8020,13260,13260,116042144686,126824379566,5059,7080,0,0,41152,37121,482,490,0,0,0,0,0,0,0,62,72,169,141,54,52,63,0,2015-01-23 00:03:01,52
1058608,1345060,3131,2929,2414,2967,128817510,173448517,10452,10308,25755,25755,208567436569,217220948434,9931,13578,0,0,54091,46911,754,788,0,0,0,0,0,0,0,131,125,324,287,105,103,132,0,2015-01-23 00:05:16,101
1131344,1693326,2790,2610,3012,3774,81669717,108663710,12800,13308,22950,22950,181359771177,198562372239,8186,11225,0,0,52608,44309,764,752,0,0,0,0,0,0,0,103,104,298,244,92,92,108,0,2015-01-23 00:08:19,90
1035152,1604900,2480,2320,2939,3668,63080321,82722079,12340,13121,20400,20400,179938452680,184264877829,6904,9181,0,0,64651,60987,1079,1002,0,0,0,0,0,0,0,98,88,275,244,82,80,101,0,2015-01-23 00:11:20,80
617284,913466,1643,1537,1741,2145,57191431,74943788,7237,7740,13515,13515,97048555805,116396706314,4624,5941,0,0,28091,26861,434,398,0,0,0,0,0,0,0,63,62,178,158,57,55,65,0,2015-01-23 00:14:16,53
690128,1019794,1643,1537,1954,2459,73842634,96591995,8160,8802,13515,13515,105038551737,111492970207,4635,5854,0,0,21608,18776,318,285,0,0,0,0,0,0,0,59,57,151,141,53,53,58,0,2015-01-23 00:17:17,53
821656,1202508,1922,1798,2320,2929,65004005,84831287,9730,10488,15810,15810,140468996924,125449490629,5417,6793,0,0,50669,49720,800,740,0,0,0,0,0,0,0,78,72,188,158,62,62,69,0,2015-01-23 00:20:23,62
696656,1016958,1705,1595,1866,2380,61535406,81821896,7938,8368,14025,14025,115650809648,122103517233,5051,6745,0,0,30036,21754,422,414,0,0,0,0,0,0,0,71,63,154,148,55,55,61,0,2015-01-23 00:23:25,55
60712,80978,279,261,150,181,102634,138327,654,640,2295,2295,19232901756,12804134075,844,1173,0,0,296516,215015,1462,1545,0,0,0,0,0,0,0,11,11,99,49,11,9,17,0,2015-02-18 00:38:02,9
887776,1179334,3813,3567,2262,2721,183205277,244906642,9652,9676,31365,31365,243424517619,271363317734,11466,15599,0,0,32175,33190,480,483,0,0,0,0,0,0,0,153,141,440,414,123,123,228,0,2015-02-18 00:38:17,123
975176,1363520,6076,5684,2172,2430,389200138,553152118,9522,8574,49980,49980,419822693215,452097306758,21322,37499,0,0,62981,14988,854,1082,0,0,0,0,0,0,0,282,308,542,572,212,198,363,0,2015-02-18 00:41:17,196
953744,1405400,7936,7424,1792,1792,543827933,791955897,8180,6222,65280,65280,503163817547,503240839031,29976,57861,0,0,86225,3617,1227,1640,0,0,0,0,0,0,0,430,422,732,722,276,260,509,0,2015-02-18 00:44:16,256
216120,318220,1798,1682,406,406,108887755,158740309,1854,1406,14790,14790,122085833947,107069323116,6790,13133,0,0,34977,1079,466,632,0,0,0,0,0,0,0,87,97,154,165,66,58,99,0,2015-02-18 00:47:16,58
668256,828038,5981,3819,1571,1525,217007515,304274037,6288,5534,30855,30855,242083760100,260494603942,12950,22436,0,0,3685452,16943,45715,4306,0,0,0,0,0,0,0,262,261,432,391,215,121,296,0,2015-02-18 01:06:30,121
1007096,1242136,5084,4756,2380,2292,311407593,439804090,9446,8420,41820,41820,340668592887,334271811208,18435,31838,0,0,70050,19589,862,1087,0,0,0,0,0,0,0,237,211,436,469,167,164,304,0,2015-02-18 01:08:16,164
811416,1154132,2914,2726,2125,2540,181169444,253190593,8950,9094,23970,23970,190154082236,224533415804,9579,15459,0,0,24193,14946,354,375,0,0,0,0,0,0,0,148,122,276,253,100,94,160,0,2015-02-18 01:11:16,94
878792,1300904,1984,1856,2490,3160,65330994,85213312,10440,11292,16320,16320,156652499917,139500868997,5588,7023,0,0,37344,33003,574,525,0,0,0,0,0,0,0,73,80,181,216,72,66,127,0,2015-02-18 01:14:19,64
1326344,2083396,2294,2146,3812,4982,37182695,48894551,16146,17548,18870,18870,165099723844,165143135584,6381,8256,0,0,111326,111702,1739,1614,0,0,0,0,0,0,0,98,115,238,220,78,76,143,0,2015-02-18 01:17:16,74
1275608,1515826,2573,2407,2539,2991,102048879,108612404,10654,10684,21165,21165,187022392759,184882558849,11517,13557,0,0,56888,51450,854,890,0,0,0,0,0,0,0,103,103,259,282,93,87,161,0,2015-02-18 01:20:18,83
1199088,1310804,2449,2291,2009,2243,110741222,114393259,8412,8004,20145,20145,170143505931,172297232337,12766,14909,0,0,62681,58079,989,1094,0,0,0,0,0,0,0,101,91,244,258,81,81,133,0,2015-02-18 01:23:16,79
1233600,1634070,1891,1769,2707,3333,69949664,72872005,11508,11666,15555,15555,129459785525,123048849225,7817,9684,0,0,56903,55236,724,717,0,0,0,0,0,0,0,67,69,180,190,61,61,118,0,2015-02-18 01:26:18,61
979808,1491290,1209,1131,2514,3225,4615812,6517904,10700,11220,9945,9945,87094065229,74213785831,3665,5125,0,0,25604,25445,336,325,0,0,0,0,0,0,0,45,47,144,135,39,39,88,0,2015-02-18 01:29:27,39
1058288,1571350,2821,2639,2635,3253,115923216,165531693,11264,11400,23205,23205,196762718329,209659889694,9483,15874,0,0,49232,29861,714,798,0,0,0,0,0,0,0,109,113,271,291,97,91,162,0,2015-02-18 01:32:19,91
1169936,1630946,7099,6641,2648,2923,376050729,538592999,11480,10486,58395,58395,511461069701,513709334781,25221,45364,0,0,132304,26820,1877,2328,0,0,0,0,0,0,0,288,305,672,685,253,231,341,0,2015-02-18 01:35:16,229
1194576,1654148,6882,6438,2770,3090,293458276,420317311,11916,11130,56610,56610,490879132182,488810274643,24145,42723,0,0,164066,47886,2480,3057,0,0,0,0,0,0,0,312,304,621,626,252,226,350,0,2015-02-18 01:38:16,222
1078960,1496276,6262,5858,2497,2782,321510854,461065025,10732,10008,51510,51510,428181518288,426075288410,22019,39057,0,0,122306,35796,1756,2161,0,0,0,0,0,0,0,270,254,563,518,222,202,308,0,2015-02-18 01:41:16,202
697168,902800,1395,1305,1350,1625,107726881,117103140,5694,5680,11475,11475,86820439622,110454916198,7214,9057,0,0,21864,21790,297,333,0,0,0,0,0,0,0,51,47,110,132,47,45,69,0,2015-02-18 01:44:16,45
1109280,1495500,1860,1740,2290,2840,103893652,106922461,9700,9900,15300,15300,128578928598,130752147709,9692,11660,0,0,53745,47222,810,897,0,0,0,0,0,0,0,68,70,188,153,60,60,104,0,2015-02-18 01:47:20,60
992408,1740384,3906,3654,2093,3358,188792156,268938666,10220,10432,32130,32130,262755747892,277803861804,14484,27320,0,0,141846,21245,1822,2327,0,0,0,0,0,0,0,150,149,353,311,134,128,197,0,2015-02-18 01:50:16,126
870304,1511566,4495,4205,1715,2715,269890147,392490002,8572,8338,36975,36975,305796829221,348783016373,16659,32019,0,0,156750,15999,1993,2567,0,0,0,0,0,0,0,165,179,389,422,157,147,229,0,2015-02-18 01:53:16,145
1132592,1933006,4650,4350,2336,3671,190081518,276894325,11378,11458,38250,38250,334215948688,336402738768,17299,32344,0,0,262036,34685,3655,4685,0,0,0,0,0,0,0,198,189,454,453,170,156,239,0,2015-02-18 01:56:16,150
1398928,2073842,1922,1798,3169,4453,20300449,24563638,13958,14886,15810,15810,125689560028,117119100027,7876,9825,0,0,64575,62664,860,850,0,0,0,0,0,0,0,70,70,174,164,65,65,89,0,2015-02-18 01:59:22,62
1160136,1679728,1674,1566,2530,3565,26508607,31657773,11156,11838,13770,13770,101260539471,127068414046,7071,8700,0,0,45673,41904,550,539,0,0,0,0,0,0,0,60,54,153,145,56,54,77,0,2015-02-18 02:02:22,54
1076376,1426290,4619,4321,2734,3289,196847290,262980277,11722,11690,37995,37995,326336536452,326374642333,13865,18912,0,0,65599,65778,1003,1034,0,0,0,0,0,0,0,185,197,444,448,161,149,227,0,2015-02-18 02:05:21,149
940704,1249042,3999,3741,2406,2893,198776393,266320977,10244,10308,32895,32895,249668501367,264770073847,12009,16281,0,0,47785,44829,661,662,0,0,0,0,0,0,0,173,159,340,306,137,131,225,0,2015-02-18 02:08:17,129
1022104,1348010,4681,4379,2167,2610,243037773,342690370,9510,9058,38505,38505,316671337860,303857413011,16602,26532,0,0,56876,34573,811,920,0,0,0,0,0,0,0,190,194,462,403,159,151,240,0,2015-02-18 02:11:16,151
1063024,1404046,5425,5075,1795,2175,348435855,504482586,8200,7146,44625,44625,375596339902,369193378770,21528,37544,0,0,81696,34180,1108,1336,0,0,0,0,0,0,0,241,239,469,476,185,179,307,0,2015-02-18 02:14:19,175
1038528,1385296,5580,5220,1770,2110,323997758,470207668,8088,6972,45900,45900,357642891367,377060507812,22005,38825,0,0,101803,35797,1434,1759,0,0,0,0,0,0,0,250,262,518,526,194,184,307,0,2015-02-18 02:17:16,180
879088,1263880,1736,1624,2467,2792,114244634,125856889,9724,9984,14280,14280,120736538148,122903198170,5437,7067,0,0,32303,29660,422,418,0,0,0,0,0,0,0,62,58,161,157,56,56,97,0,2015-02-18 02:20:19,56
963400,1340568,1860,1740,2745,3030,123623045,129471406,10690,10944,15300,15300,133104012799,130984754423,5674,6868,0,0,33899,32473,417,409,0,0,0,0,0,0,0,70,72,185,171,62,60,123,0,2015-02-18 02:23:18,60
656944,883428,1302,1218,1857,2016,78983809,82685000,7228,7308,10710,10710,100871821271,103016988605,3994,4761,0,0,20644,18640,248,248,0,0,0,0,0,0,0,42,44,130,137,42,42,88,0,2015-02-18 02:26:16,42
843928,1193490,1271,1189,2416,2847,75657140,78902217,9652,10126,10455,10455,85015886793,91464261922,3896,4520,0,0,23900,23637,299,295,0,0,0,0,0,0,0,43,47,124,117,41,41,78,0,2015-02-18 02:29:19,41
945480,1241578,2883,2697,2505,2735,180818351,229230333,9960,9850,23715,23715,202861182074,215780310412,9784,14857,0,0,38617,24709,483,550,0,0,0,0,0,0,0,131,133,257,264,101,93,170,0,2015-02-18 02:32:16,93
1039264,1471574,7161,6699,2184,2427,449153309,644407872,9820,8330,58905,58905,496454685808,513668088421,25333,45240,0,0,104870,51123,1542,1891,0,0,0,0,0,0,0,349,366,695,617,243,231,445,0,2015-02-18 02:35:16,231
1001800,1414132,6758,6322,2128,2386,436717870,622071034,9554,8208,55590,55590,467945995443,478727129939,23703,41766,0,0,85399,43988,1208,1464,0,0,0,0,0,0,0,369,336,603,607,242,220,418,0,2015-02-18 02:38:17,218
1043312,1594700,2976,2784,2591,3232,101948608,146403840,11164,11192,24480,24480,209191358955,211411441288,9912,16477,0,0,73767,46586,1014,1158,0,0,0,0,0,0,0,127,132,311,282,106,98,205,0,2015-02-18 02:41:17,96
1227088,1843900,1519,1421,3126,4003,4020421,5698634,13276,13890,12495,12495,110895551509,104495194505,4644,6425,0,0,54261,52676,753,722,0,0,0,0,0,0,0,53,65,146,153,51,51,101,0,2015-02-18 02:44:18,49
1164968,1557602,2573,2407,2746,3427,62942654,84970514,11790,11932,21165,21165,171237354022,171288001382,8153,11039,0,0,62892,59029,939,972,0,0,0,0,0,0,0,95,93,263,304,93,83,135,0,2015-02-18 02:47:17,83
1067832,1372784,3565,3335,2450,3005,145201009,196214725,10646,10434,29325,29325,242373104797,261688759685,11238,15528,0,0,86540,81757,1176,1221,0,0,0,0,0,0,0,144,134,375,389,133,115,224,0,2015-02-18 02:50:16,115
992928,1278020,3472,3248,2279,2791,186142138,249157197,9936,9660,28560,28560,244339952904,246523466054,10977,15261,0,0,76253,76979,991,1035,0,0,0,0,0,0,0,134,136,320,316,113,113,176,0,2015-02-18 02:53:16,112
1086048,1626046,1736,1624,2391,3692,32978431,44540572,11076,11880,14280,14280,118204082405,124687183181,5549,7509,0,0,54673,56356,794,794,0,0,0,0,0,0,0,68,58,173,162,60,56,92,0,2015-02-18 02:56:17,56
998408,1534584,1116,1044,2174,3512,4238458,5789146,10202,11162,9180,9180,78032106495,78040516788,3618,4775,0,0,29675,28468,350,329,0,0,0,0,0,0,0,36,40,101,93,36,36,57,0,2015-02-18 02:59:20,36
938928,1246402,4152,2108,1686,2509,54778038,58245772,7776,8040,15810,15810,135270644441,119951771227,7862,9601,0,0,3687043,38943,45766,4183,0,0,0,0,0,0,0,156,154,246,224,102,62,201,0,2015-02-18 03:02:16,62
844024,914972,1984,1856,1198,1418,136718093,143046317,5158,4796,16320,16320,149001888871,121111004361,10659,12486,0,0,26531,24803,339,378,0,0,0,0,0,0,0,72,78,223,214,64,64,115,0,2015-02-18 03:05:21,64
1238896,1561768,2294,2146,2364,2946,100769882,106618440,10108,10118,18870,18870,164398865917,183753698916,10714,12922,0,0,45326,40125,606,629,0,0,0,0,0,0,0,86,92,225,200,76,76,149,0,2015-02-18 03:08:16,74
1135704,1769568,1395,1305,2958,3807,4254592,6218908,12606,13244,11475,11475,90986103291,88850864164,4166,5945,0,0,50820,49713,664,641,0,0,0,0,0,0,0,47,49,150,144,47,47,75,0,2015-02-18 03:11:17,45
1150248,1716956,1426,1334,2916,3730,4492413,6229011,12378,12978,11730,11730,104161639494,104175880415,4388,6013,0,0,37879,38044,493,473,0,0,0,0,0,0,0,54,52,131,166,50,48,95,0,2015-02-18 03:14:16,46
1473512,2445676,4619,4321,3830,4943,114213140,166938066,16738,17034,37995,37995,330716850070,324302610586,16652,31367,0,0,364343,49180,5218,6654,0,0,0,0,0,0,0,202,194,455,402,166,151,274,0,2015-02-18 03:17:23,149
1464808,2382840,6231,5829,3591,4472,110734882,161350190,15842,15458,51255,51255,486080657666,410981427655,22873,43312,0,0,866830,67479,13860,17963,0,0,0,0,0,0,0,307,273,614,656,235,205,382,0,2015-02-18 03:20:16,201
1117712,1628748,4898,4582,2288,2858,245410904,356052274,10232,9632,40290,40290,351393160433,338537766803,18910,33765,0,0,171976,44070,2400,3004,0,0,0,0,0,0,0,238,220,411,443,172,158,303,0,2015-02-18 03:23:18,158
963880,1271158,4867,4553,1624,1974,332245130,481079801,7426,6498,40035,40035,332591753443,339075064930,19333,33555,0,0,59943,24023,802,959,0,0,0,0,0,0,0,218,213,420,432,165,157,310,0,2015-02-18 03:26:16,157
1209720,1571872,5642,5278,2009,2499,299151062,432679775,9210,8174,46410,46410,420557710395,422773246426,22620,38468,0,0,113740,42579,1524,1873,0,0,0,0,0,0,0,257,250,537,534,208,182,329,0,2015-02-18 03:29:18,182
938232,1228688,4464,4176,1644,2013,290607049,418277148,7474,6670,36720,36720,341716037447,315951810053,17437,29694,0,0,70373,28601,939,1123,0,0,0,0,0,0,0,178,172,394,379,154,144,208,0,2015-02-18 03:32:16,144
922824,1189856,3193,2987,2122,2601,197898174,267869329,9226,9006,26265,26265,228533762003,204937253292,10057,13952,0,0,32436,31200,457,475,0,0,0,0,0,0,0,117,111,270,240,107,105,138,0,2015-02-18 03:35:19,103
1040624,1679820,2232,2088,2378,3788,88422534,120076584,11224,12044,18360,18360,161006346807,156748749048,6895,9868,0,0,44527,42852,579,562,0,0,0,0,0,0,0,76,82,211,213,72,72,104,0,2015-02-18 03:38:16,72
679088,1352490,527,493,1644,3119,1212023,2435524,8122,9482,4335,4335,35599498246,31290408739,1434,2455,0,0,18004,16456,177,150,0,0,0,0,0,0,0,17,17,46,64,17,17,28,0,2015-02-18 03:41:25,17
1123944,1859074,2108,1972,2935,4430,57547687,75219321,13242,14696,17340,17340,139000810459,132578216402,5927,7842,0,0,55211,50754,801,722,0,0,0,0,0,0,0,80,78,198,177,72,68,102,0,2015-02-18 03:44:23,68
1135592,1476488,3751,3509,3119,3720,120125756,156711812,12866,13694,30855,30855,271202256005,258360004515,10743,13208,0,0,58661,56810,954,884,0,0,0,0,0,0,0,141,145,357,317,133,129,178,0,2015-02-18 03:47:16,121
1134240,1575302,6603,6177,2635,2907,350828478,500149885,11244,10430,54315,54315,456266827114,447755368670,23270,41303,0,0,434266,33697,2674,3401,0,0,0,0,0,0,0,287,275,608,574,231,215,325,0,2015-02-18 03:50:16,213
1046944,1542042,8711,8149,1967,1967,555434259,809445463,8980,6818,71655,71655,598913871856,594681644622,32901,63588,0,0,101150,3636,1387,1876,0,0,0,0,0,0,0,413,371,748,795,325,285,420,0,2015-02-18 03:53:17,281
1160560,1704394,9579,8961,2191,2189,542690299,791073023,9976,7616,78795,78795,679820077202,679956457184,36158,69693,0,0,141253,5109,2018,2692,0,0,0,0,0,0,0,377,381,736,718,331,309,409,0,2015-02-18 03:56:16,309
1311608,1749986,2263,2117,3698,4183,83532957,89239625,14656,15102,18615,18615,148202714401,146080219803,7058,8165,0,0,58395,57088,749,743,0,0,0,0,0,0,0,75,75,202,209,75,73,94,0,2015-02-18 03:59:16,73
854024,1140952,1488,1392,2425,2742,90219206,95207485,9504,9888,12240,12240,91323720994,104239060513,4613,5223,0,0,21977,22540,271,270,0,0,0,0,0,0,0,51,48,127,158,48,48,70,0,2015-02-18 04:02:20,48
773832,1080310,4681,4379,1760,1945,307886854,440529695,7590,6978,38505,38505,326541589713,313677619396,16624,29844,0,0,58175,15179,834,1033,0,0,0,0,0,0,0,178,181,389,361,161,153,217,0,2015-02-18 04:05:17,151
855168,1189332,5022,4698,1970,2190,308766932,443932533,8472,7892,41310,41310,338004047316,361668287985,17717,31466,0,0,60074,18074,888,1089,0,0,0,0,0,0,0,214,194,464,418,174,162,240,0,2015-02-18 04:08:17,162
1188976,1648650,6975,6525,2725,3067,329876037,468879529,11832,10938,57375,57375,487211708922,478670980417,24244,42179,0,0,213605,53640,2909,3595,0,0,0,0,0,0,0,303,293,615,630,249,226,339,0,2015-02-18 04:11:17,225
1024272,1447704,6944,6496,2170,2428,406929408,579281741,9748,8366,57120,57120,478945374219,487588309584,24406,42993,0,0,86430,32459,1268,1540,0,0,0,0,0,0,0,300,288,587,582,260,226,315,0,2015-02-18 04:14:16,224
916272,1296116,6262,5858,1932,2154,377813109,536513019,8692,7416,51510,51510,451855363598,464780191463,22071,39128,0,0,129528,45014,1775,2218,0,0,0,0,0,0,0,255,270,546,526,222,204,301,0,2015-02-18 04:17:16,202
1094648,1451086,5425,5075,2166,2655,339254583,475018105,9738,8900,44625,44625,378129792478,384642350754,19385,30964,0,0,76636,49497,1020,1153,0,0,0,0,0,0,0,218,217,516,449,189,179,286,0,2015-02-18 04:20:16,175
1053120,1317018,3565,3335,1954,2600,159119286,212214069,8808,8544,29325,29325,210844426241,232372605736,13105,17213,0,0,57420,56994,766,785,0,0,0,0,0,0,0,121,129,295,329,119,115,174,0,2015-02-18 04:23:26,115
889456,1233414,3441,3219,2040,2613,188597530,254079377,9022,8856,28305,28305,242113916934,224979744037,11179,15623,0,0,45639,41873,611,647,0,0,0,0,0,0,0,125,119,271,267,119,113,146,0,2015-02-18 04:26:16,111
1027832,1572130,3379,3161,2696,3491,181637567,245653972,11740,11960,27795,27795,235705380283,229307488645,10302,14904,0,0,52172,48104,681,718,0,0,0,0,0,0,0,129,119,289,305,115,111,158,0,2015-02-18 04:29:16,109
1305488,1716876,5766,5394,2444,2730,299483835,423412870,10628,9504,47430,47430,413324904290,413381244998,23826,39032,0,0,162166,71744,2470,3080,0,0,0,0,0,0,0,262,276,530,566,194,190,367,0,2015-02-18 04:32:18,186
1258008,1506044,5952,5568,1964,1964,332823415,462086921,8502,6956,48960,48960,425349746336,429705319189,26246,42358,0,0,116376,48395,1724,2179,0,0,0,0,0,0,0,280,280,519,545,208,194,384,0,2015-02-18 04:35:18,192
1165032,1431856,5983,5597,1861,1861,358933563,505451425,8106,6584,49215,49215,416495098156,403686752634,25709,42779,0,0,101057,39397,1425,1802,0,0,0,0,0,0,0,281,288,536,530,205,193,358,0,2015-02-18 04:38:16,193
1033472,1342928,3906,3654,2055,2206,222246706,304150795,8600,7864,32130,32130,280284016167,273889667090,16336,25839,0,0,60787,39895,896,1054,0,0,0,0,0,0,0,172,205,380,351,134,126,236,0,2015-02-18 04:41:16,126
1084328,1644154,1891,1769,3124,3623,101169542,106483816,12470,12896,15555,15555,147857752312,122111107659,5602,7251,0,0,48363,47346,651,631,0,0,0,0,0,0,0,71,67,169,177,61,61,93,0,2015-02-18 04:44:18,61
844192,1080554,1767,1653,2310,2447,94351094,98657670,8860,8932,14535,14535,126953620939,109786966474,5818,6762,0,0,38020,38067,497,503,0,0,0,0,0,0,0,81,63,172,159,67,61,109,0,2015-02-18 04:47:16,57
1024320,1327340,2139,2001,1905,2205,152369874,157886692,7968,7814,17595,17595,145935985411,143794115282,11127,13455,0,0,31691,34521,521,573,0,0,0,0,0,0,0,77,71,181,189,69,69,117,0,2015-02-18 04:50:17,69
965304,1356496,1860,1740,1996,2396,94900405,98912064,8358,8376,15300,15300,124304425290,130773432108,9113,11409,0,0,38380,35008,572,632,0,0,0,0,0,0,0,65,66,173,180,62,60,107,0,2015-02-18 04:53:16,60
953920,1290758,4092,3828,1907,2180,273554982,369459704,8300,7592,33660,33660,257891662664,283687619987,16010,25252,0,0,55133,39914,746,842,0,0,0,0,0,0,0,170,176,362,390,142,132,209,0,2015-02-18 04:56:16,132
941248,1331752,8988,6632,1984,2216,434545218,622705902,8948,7606,55590,55590,478126919579,438675775870,23228,41119,0,0,3692613,26993,45917,4544,0,0,0,0,0,0,0,420,380,661,697,330,218,528,0,2015-02-18 04:59:16,218
1292720,1607852,5394,5046,2702,3074,285797586,380648559,11444,10656,44370,44370,350841613131,372374661856,19653,30342,0,0,59123,29165,768,875,0,0,0,0,0,0,0,246,254,487,518,192,174,309,0,2015-02-18 05:02:16,174
1236736,1373266,2821,2639,2626,2960,129477954,138191393,10456,10306,23205,23205,211944214588,218414925911,10992,12417,0,0,45253,42164,553,555,0,0,0,0,0,0,0,113,113,255,245,93,91,178,0,2015-02-18 05:05:21,91
794064,1353754,1116,1044,1650,3048,38595739,41947424,8184,9164,9180,9180,71594748539,73765034172,3943,5188,0,0,25723,24144,285,255,0,0,0,0,0,0,0,38,40,119,99,36,36,61,0,2015-02-18 05:08:17,36
529304,1112868,496,464,1104,2556,1143063,2401576,6062,7280,4080,4080,36591117734,38732822837,1403,2445,0,0,16224,16409,176,148,0,0,0,0,0,0,0,18,18,49,59,19,19,46,0,2015-02-18 05:11:19,16
703992,1375202,744,696,1465,3085,4746970,6671491,7734,9002,6120,6120,44992337052,49286174072,2459,3757,0,0,22305,18832,247,220,0,0,0,0,0,0,0,24,24,67,68,24,24,45,0,2015-02-18 05:14:20,24
858624,1294038,1457,1363,1874,2569,25091454,30305486,8220,8550,11985,11985,106036991964,101755606345,5798,7547,0,0,30568,30045,371,359,0,0,0,0,0,0,0,49,53,145,136,47,47,104,0,2015-02-18 05:17:17,47
926536,1394290,1581,1479,2018,2768,23161467,27904000,8818,9190,13005,13005,118259617860,113965470735,6301,8211,0,0,51007,46190,688,671,0,0,0,0,0,0,0,59,65,172,148,55,51,114,0,2015-02-18 05:20:36,51
1044888,2029848,1147,1073,2593,4418,4423164,7038781,12306,13812,9435,9435,79498959243,73048992739,3345,5494,0,0,32846,32420,407,366,0,0,0,0,0,0,0,41,41,112,118,39,37,70,0,2015-02-18 05:23:18,37
539032,1052326,589,551,1478,2253,1908536,3683575,6682,7342,4845,4845,44258076113,37819337219,1530,2709,0,0,11237,10676,125,116,0,0,0,0,0,0,0,19,19,56,52,19,19,30,0,2015-02-18 05:26:27,19
879448,1767338,899,841,2250,3875,1893292,3736838,10642,12086,7395,7395,53220945499,70414481475,2381,4209,0,0,28842,28500,334,295,0,0,0,0,0,0,0,29,29,78,81,29,29,42,0,2015-02-18 05:29:34,29
837640,1599496,961,899,1917,3467,25940030,27902559,9394,10602,7905,7905,65666149920,63529896082,3337,5059,0,0,30229,28384,355,322,0,0,0,0,0,0,0,31,31,81,85,31,31,40,0,2015-02-18 05:32:17,31
793208,923302,1705,1595,1316,1481,137953704,142326622,5480,5270,14025,14025,130197211562,128080765377,9514,11144,0,0,28579,27068,440,502,0,0,0,0,0,0,0,57,63,153,142,55,55,74,0,2015-02-18 05:35:18,55
1018424,1240414,2015,1885,1874,2183,123732486,127178786,7860,7710,16575,16575,147022968076,123405746177,10848,12939,0,0,51699,47218,745,841,0,0,0,0,0,0,0,71,66,168,169,65,65,100,0,2015-02-18 05:38:16,65
1234056,1669758,2263,2117,2544,3109,104532503,107875583,10734,10852,18615,18615,160978793698,152423822072,11446,14019,0,0,60103,55791,871,977,0,0,0,0,0,0,0,84,79,202,205,79,77,112,0,2015-02-18 05:41:17,73
1111016,1580878,2077,1943,3162,3541,84352068,89587215,12494,12778,17085,17085,154444643072,139422996003,6277,7735,0,0,51824,45889,660,665,0,0,0,0,0,0,0,77,75,193,207,73,71,109,0,2015-02-18 05:44:19,67
870832,1132284,1798,1682,2460,2614,143616975,150460567,9412,9546,14790,14790,127091629092,133549030238,5584,6487,0,0,16983,16490,218,214,0,0,0,0,0,0,0,62,60,179,154,62,60,79,0,2015-02-18 05:47:16,58
917392,1079224,3100,2900,2409,2506,187439645,229387806,9388,9124,25500,25500,214261890057,233623863289,9757,12335,0,0,33957,33409,414,426,0,0,0,0,0,0,0,106,114,279,259,102,100,137,0,2015-02-18 05:50:17,100
984728,1195140,3906,3654,2499,2702,190369344,248413993,10102,9698,32130,32130,268420585328,264116380526,12217,16224,0,0,46191,43931,591,631,0,0,0,0,0,0,0,150,152,316,343,132,130,185,0,2015-02-18 05:53:17,126
944912,1413778,2387,2233,2660,3251,67222268,85974110,11048,11670,19635,19635,156555612196,173738709328,6789,8889,0,0,46049,47087,741,699,0,0,0,0,0,0,0,81,83,222,216,79,77,106,0,2015-02-18 05:56:19,77
998616,1468452,3534,3306,2621,3036,158435318,221000362,10926,10832,29070,29070,232224408815,232240978173,11777,19548,0,0,66369,39386,1020,1143,0,0,0,0,0,0,0,152,134,344,323,130,114,156,0,2015-02-18 05:59:16,114
1102248,1388512,5952,5568,2548,2462,381233365,536157311,10242,9008,48960,48960,392399560890,394599384600,21736,38254,0,0,84925,20616,1107,1408,0,0,0,0,0,0,0,220,252,568,574,204,194,298,0,2015-02-18 06:02:16,192
1171168,1470872,6200,5800,2690,2620,338043889,474291990,10816,9548,51000,51000,426691055494,437465929884,22688,39694,0,0,203036,47218,2514,3174,0,0,0,0,0,0,0,262,266,594,564,214,200,320,0,2015-02-18 06:05:16,200
1036560,1479722,1581,1479,2205,3110,29650648,36600820,9726,10296,13005,13005,110015390587,114338895515,6750,8341,0,0,39954,36784,518,502,0,0,0,0,0,0,0,55,54,165,144,51,51,80,0,2015-02-18 06:08:16,51
985352,1352746,2015,1885,2010,2797,71556979,91932042,8914,9230,16575,16575,143565226111,130721559340,8065,10175,0,0,33793,27196,383,387,0,0,0,0,0,0,0,71,73,187,176,65,65,123,0,2015-02-18 06:11:20,65
1112088,1396494,3875,3625,2094,2770,169480155,225480576,9422,9112,31875,31875,263214099575,252508403917,14068,18604,0,0,88993,81136,1149,1196,0,0,0,0,0,0,0,147,135,356,331,133,125,177,0,2015-02-18 06:14:16,125
1082824,1288170,2883,2697,2409,2819,145827202,177508811,9966,9848,23715,23715,215801023640,213701626276,10001,12489,0,0,39654,39967,519,530,0,0,0,0,0,0,0,99,101,236,240,97,93,144,0,2015-02-18 06:17:16,93
856080,969162,1550,1450,2111,2296,78804965,82481977,8304,8334,12750,12750,104674366312,117597972626,5102,5661,0,0,16561,15103,194,194,0,0,0,0,0,0,0,55,50,172,155,50,50,78,0,2015-02-18 06:20:17,50
901896,1353926,2790,2610,2333,2892,134019681,180161481,9982,10012,22950,22950,204000677303,210473331562,8498,12201,0,0,49069,49749,670,696,0,0,0,0,0,0,0,102,108,290,278,98,90,168,0,2015-02-18 06:23:16,90
1158360,1953112,3224,3016,3170,4070,91772095,125665897,13686,14010,26520,26520,220476935611,231278382982,9549,14541,0,0,125636,104766,1754,1810,0,0,0,0,0,0,0,126,120,348,338,112,106,195,0,2015-02-18 06:26:16,104
976624,1461700,7750,7250,1892,1942,500550768,729522371,8596,6756,63750,63750,557099461705,531381144084,29189,56251,0,0,92497,5732,1391,1839,0,0,0,0,0,0,0,425,402,664,698,288,250,466,0,2015-02-18 06:29:20,250
915232,1335686,7285,6815,1775,1815,481757760,699390672,8036,6308,59925,59925,517204248334,508712303837,27267,52206,0,0,88343,5753,1275,1704,0,0,0,0,0,0,0,397,413,693,654,265,241,475,0,2015-02-18 06:32:16,235
731544,971862,3193,2987,1850,2227,151953631,203745583,7938,7898,26265,26265,215866213289,220203281154,9617,13168,0,0,31512,28259,447,454,0,0,0,0,0,0,0,129,127,298,320,109,103,173,0,2015-02-18 06:35:23,103
750920,997278,3193,2987,1922,2311,190883348,255694036,8174,8228,26265,26265,195588574871,217111310785,9590,12999,0,0,24362,22135,339,335,0,0,0,0,0,0,0,124,122,273,290,107,105,196,0,2015-02-18 06:38:16,103
925832,1210422,3503,3277,2330,2815,141491690,189899823,9878,9934,28815,28815,270696753259,247108908281,10585,14255,0,0,909024,926007,4132,4315,0,0,0,0,0,0,0,135,139,296,357,119,115,202,0,2015-02-18 06:41:16,113
1154960,1439452,2418,2262,2812,3426,60770751,78741090,11804,12306,19890,19890,180629484389,182830180268,7380,8888,0,0,49289,46685,741,702,0,0,0,0,0,0,0,86,94,236,240,78,78,174,0,2015-02-18 06:44:18,78
1346488,1677970,2914,2726,3236,3963,62104201,80191193,13606,14190,23970,23970,234867591676,209123055356,9091,10944,0,0,75930,70627,1169,1111,0,0,0,0,0,0,0,116,118,315,294,100,94,174,0,2015-02-18 06:47:17,94
1467360,1751556,2542,2378,2700,3604,26364287,31147825,11880,12040,20910,20910,182450771663,171743931648,10748,12689,0,0,92484,91544,1266,1248,0,0,0,0,0,0,0,94,88,225,240,82,82,126,0,2015-02-18 06:50:16,82
1317144,1573944,2201,2059,2490,3287,31651962,37517177,10902,11048,18105,18105,143152953688,162497316602,9119,10769,0,0,44902,45995,605,601,0,0,0,0,0,0,0,77,75,196,201,71,71,120,0,2015-02-18 06:53:19,71
1040016,1579628,1240,1160,2198,3570,5524502,7162752,10404,11312,10200,10200,87816988467,98569610901,4262,5536,0,0,41857,40340,529,502,0,0,0,0,0,0,0,42,42,127,131,40,40,87,0,2015-02-18 06:56:16,40
1161368,1959196,3749,1731,2507,4503,3627996,5335460,12338,13810,12495,12495,96919404609,107883424842,4227,5957,0,0,3698807,45999,45889,4103,0,0,0,0,0,0,0,147,141,233,228,143,51,178,0,2015-02-18 06:59:28,49
935592,1350366,5363,5017,1987,2431,277884345,393476458,9062,8178,44115,44115,372965642652,400937573247,18783,32943,0,0,87552,33245,1248,1523,0,0,0,0,0,0,0,270,265,489,550,189,173,331,0,2015-02-18 07:02:20,173
1064032,1500316,7130,6670,2268,2550,436392317,621587966,10176,8772,58650,58650,496764134509,471108288576,24940,43726,0,0,92065,41352,1250,1505,0,0,0,0,0,0,0,341,344,685,656,248,230,445,0,2015-02-18 07:05:17,230
791552,1154686,3193,2987,2017,2457,155322159,219424423,8668,8692,26265,26265,230619551294,219890530997,10559,17362,0,0,50237,32102,770,815,0,0,0,0,0,0,0,149,133,299,285,107,103,178,0,2015-02-18 07:08:16,103
785424,1201780,1550,1450,2244,2894,56320953,73287862,9452,10260,12750,12750,109054508830,115505767694,4343,5531,0,0,33718,32430,487,448,0,0,0,0,0,0,0,52,56,145,137,52,50,102,0,2015-02-18 07:11:17,50
1029072,1557566,2077,1943,2922,3757,50185409,65304823,12388,13338,17085,17085,129548332594,157509005999,5801,7399,0,0,42916,44116,707,656,0,0,0,0,0,0,0,77,77,185,220,71,69,110,0,2015-02-18 07:14:20,67
673416,1013262,1705,1595,1898,2353,49311355,64571016,7974,8456,14025,14025,110803597342,117240566313,4766,6221,0,0,26809,27073,435,406,0,0,0,0,0,0,0,59,65,164,146,57,55,106,0,2015-02-18 07:17:18,55
991544,1570874,2263,2117,2834,3559,75760764,99249139,11882,12682,18615,18615,151877800411,141173886704,6275,8449,0,0,38207,38378,615,568,0,0,0,0,0,0,0,77,83,221,208,73,73,136,0,2015-02-18 07:20:18,73
1210264,1846802,2728,2552,3306,4120,52385953,67136466,13810,14678,22440,22440,193637162244,185081308023,8188,10751,0,0,75546,71008,1160,1094,0,0,0,0,0,0,0,108,104,258,253,90,88,163,0,2015-02-18 07:23:17,88
1197824,1351284,2232,2088,2196,2545,98196552,101719448,9232,9036,18360,18360,159668633484,161836994245,10840,12670,0,0,55181,54436,884,955,0,0,0,0,0,0,0,82,80,202,214,82,76,113,0,2015-02-18 07:26:16,72
1086216,1194072,2170,2030,1856,2090,142177047,146337881,7770,7420,17850,17850,133734843857,148779153235,11168,13097,0,0,39057,37849,576,646,0,0,0,0,0,0,0,74,74,184,193,72,72,98,0,2015-02-18 07:29:16,70
1030456,1342386,1984,1856,2018,2384,113386726,117677625,8458,8420,16320,16320,136251524768,125539819575,9822,11904,0,0,41824,38534,589,629,0,0,0,0,0,0,0,72,68,169,172,68,66,85,0,2015-02-18 07:32:17,64
1162864,1464616,2480,2320,2092,2392,109108691,112613475,8764,8424,20400,20400,171338663276,156332303523,13048,15872,0,0,61571,57394,882,992,0,0,0,0,0,0,0,86,82,210,193,84,80,131,0,2015-02-18 07:35:16,80
1163384,1821944,1581,1479,2869,3719,31717123,33508013,12258,12860,13005,13005,93014261119,103786214350,6892,9013,0,0,83897,85181,1216,1309,0,0,0,0,0,0,0,55,55,154,169,51,51,90,0,2015-02-18 07:38:16,51
825240,1455042,527,493,2448,3383,760474,1340101,10532,11606,4335,4335,42582435958,38284132826,1331,2125,0,0,21914,23435,313,284,0,0,0,0,0,0,0,17,17,58,58,17,17,35,0,2015-02-18 07:41:40,17
979288,1446660,1271,1189,2332,3031,80902617,83446055,9934,10472,10455,10455,89935640257,92120732852,5891,7332,0,0,24136,24400,322,339,0,0,0,0,0,0,0,45,45,131,127,41,41,61,0,2015-02-18 07:44:17,41
1169456,1299268,2263,2117,2055,2341,126649416,130520265,8588,8306,18615,18615,151698447738,160317289343,11434,13365,0,0,39582,38997,574,634,0,0,0,0,0,0,0,73,77,239,245,73,73,116,0,2015-02-18 07:47:23,73
1218792,1360320,2294,2146,2183,2508,131497482,134900141,9162,8858,18870,18870,150957821103,165999944995,11372,13363,0,0,56128,52319,794,865,0,0,0,0,0,0,0,80,76,227,214,76,74,118,0,2015-02-18 07:50:22,74
1076472,1572974,2697,2523,2658,3417,127431785,165610578,11524,11798,22185,22185,177668824908,179844567253,9066,12467,0,0,55065,52870,802,844,0,0,0,0,0,0,0,95,96,252,219,92,89,134,0,2015-02-18 07:53:16,87
1008592,1584078,2821,2639,2704,3549,126983066,172206494,11782,12184,23205,23205,178789871163,200316712416,8534,12364,0,0,49953,48480,700,717,0,0,0,0,0,0,0,93,95,290,261,93,91,118,0,2015-02-18 07:56:17,91
945320,1196364,2418,2262,2368,2868,93782828,123201086,9938,10364,19890,19890,155495418700,172668356506,7229,8944,0,0,29807,29255,460,432,0,0,0,0,0,0,0,82,86,251,257,78,78,111,0,2015-02-18 07:59:17,78
1200344,1473970,2573,2407,2958,3525,65743975,80852674,12290,12714,21165,21165,173546712765,190757875728,7860,9381,0,0,53921,58472,898,868,0,0,0,0,0,0,0,93,97,237,220,91,83,123,0,2015-02-18 08:02:20,83
962624,1393174,1767,1653,2415,3321,106363729,111613635,10196,10928,14535,14535,117568060047,132618828373,5558,6506,0,0,38065,35644,458,441,0,0,0,0,0,0,0,59,63,137,165,57,57,93,0,2015-02-18 08:05:18,57
1016912,1408840,1953,1827,2583,3375,111120004,116034086,10700,11296,16065,16065,137655632681,133405218851,6157,7092,0,0,28678,28098,332,322,0,0,0,0,0,0,0,67,69,187,200,63,63,110,0,2015-02-18 08:08:16,63
1193184,1733092,1829,1711,2465,3661,34094823,39570668,11120,11878,15045,15045,133088527676,128826298466,7716,9479,0,0,53273,49214,630,607,0,0,0,0,0,0,0,65,68,187,172,63,61,96,0,2015-02-18 08:11:16,59
946424,1287786,1581,1479,1854,2634,35559111,42319587,8258,8658,13005,13005,111782834355,105374274776,6966,8384,0,0,25797,25666,290,280,0,0,0,0,0,0,0,55,51,181,130,53,51,73,0,2015-02-18 08:14:17,51
1208456,1732690,1767,1653,2596,3661,19814086,23530923,11548,12168,14535,14535,111497071501,115809607248,7469,9187,0,0,94136,98784,1360,1327,0,0,0,0,0,0,0,59,59,185,174,59,57,102,0,2015-02-18 08:17:23,57
1064056,1255254,2263,2117,1606,2336,51103068,60312012,7390,7386,18615,18615,150829070094,153011054771,10503,12398,0,0,28939,27859,324,320,0,0,0,0,0,0,0,79,77,196,213,73,73,119,0,2015-02-18 08:20:20,73
1383528,1632410,2945,2755,2090,3040,53979098,63667734,9594,9590,24225,24225,208042547534,216668749467,13692,16160,0,0,76784,73607,955,955,0,0,0,0,0,0,0,101,99,257,223,99,95,125,0,2015-02-18 08:23:17,95
1150080,1347134,2759,2581,2028,2652,67316309,80625121,8824,8744,22695,22695,174622273218,170374110243,11523,13775,0,0,40889,38305,468,470,0,0,0,0,0,0,0,99,102,227,242,93,91,125,0,2015-02-18 08:26:16,89
1041936,1251580,4030,3770,2660,2850,238620197,302893468,10668,10230,33150,33150,278511338568,291432447865,12632,16620,0,0,39879,39137,543,570,0,0,0,0,0,0,0,176,168,362,336,140,130,221,0,2015-02-18 08:29:16,130
919520,1105470,3565,3335,2345,2515,222209428,284918259,9420,9030,29325,29325,261046076121,254654636702,11168,14717,0,0,36181,35001,450,473,0,0,0,0,0,0,0,141,155,304,325,123,117,195,0,2015-02-18 08:32:17,115
889600,1189374,2201,2059,2453,2691,131868342,152895962,9684,9700,18105,18105,145502873249,145537870450,6786,8569,0,0,27051,25244,333,339,0,0,0,0,0,0,0,79,83,210,208,73,71,128,0,2015-02-18 08:35:18,71
832920,1139026,1643,1537,2371,2589,120678077,127107154,9162,9386,13515,13515,126032300908,121766322273,5038,6025,0,0,19071,18508,219,217,0,0,0,0,0,0,0,61,61,163,163,57,53,82,0,2015-02-18 08:38:23,53
1211736,1855414,2077,1943,3489,4073,60882714,64408469,14034,14484,17085,17085,147892973224,135041103179,6109,8013,0,0,62807,62650,843,833,0,0,0,0,0,0,0,75,81,208,216,72,70,121,0,2015-02-18 08:41:18,67
837024,1587744,992,928,2496,3296,2433138,4623654,10632,11352,8160,8160,79015452383,61849202067,2520,4481,0,0,32333,31383,414,391,0,0,0,0,0,0,0,34,34,102,108,32,32,69,0,2015-02-18 08:44:18,32
685704,1257472,992,928,2012,2606,23512164,32928057,8538,9000,8160,8160,73575745578,64991591913,2771,4818,0,0,13250,12880,171,175,0,0,0,0,0,0,0,32,32,96,87,32,32,50,0,2015-02-18 08:47:19,32
907128,1148122,4991,4669,2079,2011,311622050,444414613,8418,7342,41055,41055,348045793712,337420303329,18257,32298,0,0,78956,17535,1033,1316,0,0,0,0,0,0,0,227,217,452,442,175,161,301,0,2015-02-18 08:50:16,161
1070448,1303990,5177,4843,2569,2469,334901206,464071279,10080,9074,42585,42585,370478170597,361919540613,18693,31771,0,0,71253,24818,928,1169,0,0,0,0,0,0,0,241,235,422,446,183,169,270,0,2015-02-18 08:53:16,167
1093464,1700608,5580,5220,2590,2916,255359477,369984836,11118,10238,45900,45900,383437293588,396355890194,20322,37976,0,0,164677,33674,2491,3157,0,0,0,0,0,0,0,230,264,500,510,190,180,342,0,2015-02-18 08:56:17,180
1143352,1934358,7717,5443,2812,3397,271497380,395077321,12358,11702,45135,45135,380304472400,366268431619,19087,36473,0,0,3761339,37221,47152,6187,0,0,0,0,0,0,0,291,297,554,560,247,179,383,0,2015-02-18 08:59:19,177
1205560,2031034,5735,5365,2928,3503,233289052,339819782,12826,12106,47175,47175,382862499681,406503849374,20773,39879,0,0,173969,37880,2802,3575,0,0,0,0,0,0,0,280,261,575,535,207,185,353,0,2015-02-18 09:02:16,185
1062864,1799566,4960,4640,2603,3129,262999956,383882519,11376,10804,40800,40800,334078134405,342747314767,17887,34282,0,0,90939,19545,1298,1643,0,0,0,0,0,0,0,236,224,521,562,174,166,324,0,2015-02-18 09:05:16,160
1127272,1552784,5673,5307,2108,2283,348273921,495014070,9202,7954,46665,46665,396646077942,411771877509,23166,40357,0,0,108527,35853,1493,1880,0,0,0,0,0,0,0,251,227,515,578,201,183,318,0,2015-02-18 09:08:17,183
1212688,1471772,6014,5626,1918,1918,397432474,546369184,8332,6754,49470,49470,427948540525,443044522245,26122,43099,0,0,83472,33333,1198,1521,0,0,0,0,0,0,0,280,278,625,631,210,194,371,0,2015-02-18 09:11:16,194
1041784,1279518,5177,4843,1721,1769,319712846,437794090,7482,6254,42585,42585,359959024483,357854141206,21911,35507,0,0,78938,32127,1114,1367,0,0,0,0,0,0,0,223,211,503,569,177,167,319,0,2015-02-18 09:14:16,167
729336,1033108,5022,4698,1533,1704,356943257,512796287,6894,5860,41310,41310,339488199094,361059689185,17762,31665,0,0,51784,19361,725,906,0,0,0,0,0,0,0,216,236,495,440,170,162,290,0,2015-02-18 09:17:16,162
1099736,1499320,6727,6293,2247,2509,322436005,453491809,10014,8690,55335,55335,491787665583,457495489421,24245,41394,0,0,171370,74511,2329,2850,0,0,0,0,0,0,0,345,345,634,565,233,217,408,0,2015-02-18 09:20:17,217
1406704,1555844,2759,2581,2438,2763,70085420,72502838,10228,9850,22695,22695,194949977006,190664782711,14031,16371,0,0,90256,70938,1289,1420,0,0,0,0,0,0,0,109,97,275,279,93,89,170,0,2015-02-18 09:23:22,89
1427448,1605568,2604,2436,2612,3028,83089379,85744313,10998,10708,21420,21420,165837146952,174481972011,12629,14831,0,0,86174,69621,1250,1366,0,0,0,0,0,0,0,87,88,227,213,84,84,124,0,2015-02-18 09:26:17,84
989720,1223210,5177,4843,1589,1589,362018865,502626681,6938,5614,42585,42585,346191016406,350556054096,22107,37074,0,0,66328,26893,920,1152,0,0,0,0,0,0,0,191,193,480,548,183,169,257,0,2015-02-18 09:29:16,167
974704,1200898,5053,4727,1561,1561,339641607,485662921,6808,5510,41565,41565,382817059174,335644078750,21643,36133,0,0,69027,26760,938,1176,0,0,0,0,0,0,0,193,201,426,478,181,165,242,0,2015-02-18 09:32:16,163
949952,1285364,3472,3248,2084,2444,188895970,263211830,8880,8662,28560,28560,241716824997,224574752802,13486,21314,0,0,53703,31355,851,984,0,0,0,0,0,0,0,132,128,284,344,116,112,170,0,2015-02-18 09:35:16,112
802656,1201792,1736,1624,2282,2912,67264157,87916302,9574,10366,14280,14280,100917622851,124537366685,4884,6164,0,0,23904,27433,408,374,0,0,0,0,0,0,0,58,66,166,167,58,56,104,0,2015-02-18 09:38:18,56
1015512,1545372,2046,1914,2896,3726,61939227,80682720,12202,13226,16830,16830,140629688841,151397839755,5735,7291,0,0,61811,57831,907,834,0,0,0,0,0,0,0,74,66,191,203,68,66,124,0,2015-02-18 09:41:17,66
1019352,1424128,3906,3654,2174,2729,190902764,272172296,9562,9344,32130,32130,288023965453,285905693827,14601,24346,0,0,71130,33548,1070,1270,0,0,0,0,0,0,0,149,148,358,404,132,126,203,0,2015-02-18 09:44:16,126
1063856,1405294,5425,5075,1795,2175,321720001,465666749,8216,7170,44625,44625,373585732982,367213409289,21513,37433,0,0,145346,40618,1772,2204,0,0,0,0,0,0,0,211,219,461,464,187,175,257,0,2015-02-18 09:47:16,175
972152,1244824,3844,3596,1906,2458,197182758,266481963,8558,8174,31620,31620,260906240698,248079282824,13554,18904,0,0,60547,46571,828,882,0,0,0,0,0,0,0,143,142,340,368,132,124,167,0,2015-02-18 09:50:16,124
1185376,1482372,4030,3770,2204,2930,166752157,222401395,9936,9616,33150,33150,268907098536,281843981803,14781,19457,0,0,82113,73390,1174,1213,0,0,0,0,0,0,0,143,136,317,355,139,130,156,0,2015-02-18 09:53:17,130
924096,1117590,3379,3161,2181,2450,193206401,240877274,8944,8642,27795,27795,229590776753,186693839765,11096,14479,0,0,42134,38615,555,576,0,0,0,0,0,0,0,125,127,317,316,119,111,164,0,2015-02-18 09:56:16,109
1010680,1192560,3720,3480,2604,2744,212316331,266139970,10326,9920,30600,30600,272864305897,236382315146,11676,15129,0,0,43492,37496,545,569,0,0,0,0,0,0,0,132,130,342,325,124,122,166,0,2015-02-18 09:59:17,120
835560,1194212,1550,1450,1713,2352,29929927,36968718,7522,7788,12750,12750,114553270642,99525537808,6346,8035,0,0,53703,47773,706,689,0,0,0,0,0,0,0,54,52,140,150,50,50,72,0,2015-02-18 10:02:20,50
1004552,1543648,1674,1566,2252,3077,21913617,26800693,9806,10264,13770,13770,106472928421,117215824917,6548,8627,0,0,84098,75530,1002,985,0,0,0,0,0,0,0,54,60,171,160,54,54,85,0,2015-02-18 10:05:16,54
988680,1503102,1240,1160,2414,3261,12758879,15705363,10432,11092,10200,10200,84939128439,87088399237,4497,5870,0,0,40231,38617,491,474,0,0,0,0,0,0,0,40,42,148,110,40,40,69,0,2015-02-18 10:08:23,40
1044328,1558754,992,928,2718,3596,2906055,3941370,11628,12442,8160,8160,71293095993,79884153361,3085,3998,0,0,25205,24560,310,299,0,0,0,0,0,0,0,34,32,74,91,32,32,46,0,2015-02-18 10:11:30,32
607064,868406,620,580,1530,2000,3128937,4011442,6532,6928,5100,5100,50518355074,46233368262,1982,2501,0,0,8867,9024,108,107,0,0,0,0,0,0,0,20,20,67,77,20,20,31,0,2015-02-18 10:14:19,20
629792,880094,1209,1131,1795,1987,88851335,93208845,7004,7164,9945,9945,66354353875,64209189741,3681,4473,0,0,20031,19766,252,247,0,0,0,0,0,0,0,45,41,148,122,41,39,60,0,2015-02-18 10:17:17,39
733504,1032578,1395,1305,2091,2325,80369382,84947885,8188,8378,11475,11475,104046123585,93325056055,4238,5179,0,0,16868,16287,203,201,0,0,0,0,0,0,0,53,51,165,165,47,45,71,0,2015-02-18 10:20:20,45
911304,1218030,1829,1711,2581,2787,113492864,119358471,9966,10126,15045,15045,116409986274,129304818324,5635,6661,0,0,36084,36338,465,471,0,0,0,0,0,0,0,67,65,177,166,59,59,95,0,2015-02-18 10:23:16,59
518576,872840,558,522,1454,2018,11138211,12107178,6248,6816,4590,4590,40764695503,47227179414,1596,2181,0,0,14292,13186,169,159,0,0,0,0,0,0,0,18,22,53,48,18,18,29,0,2015-02-18 10:26:28,18
670360,1292522,496,464,1701,2986,1080610,2121269,8168,9330,4080,4080,35025602906,37176149563,1325,2247,0,0,16578,15369,180,157,0,0,0,0,0,0,0,16,16,58,66,16,16,26,0,2015-02-18 10:32:41,16
768928,1289024,806,754,1657,2952,2093335,2956833,8128,9098,6630,6630,56374348446,47788828871,2534,3548,0,0,39178,37343,510,465,0,0,0,0,0,0,0,28,26,69,79,26,26,42,0,2015-02-18 10:35:21,26
986192,1618816,1054,986,2135,3708,3198001,4537189,10316,11506,8670,8670,71935674424,76236896143,3346,4603,0,0,35267,35136,458,416,0,0,0,0,0,0,0,36,42,129,89,36,36,58,0,2015-02-18 10:38:21,34
884696,1196936,1488,1392,1726,2324,82538625,85364586,7542,7796,12240,12240,87882444275,96487521809,7454,9009,0,0,24453,22385,313,345,0,0,0,0,0,0,0,58,52,138,155,50,50,90,0,2015-02-18 10:41:26,48
974624,1287388,1705,1595,1951,2391,87967282,90978151,8248,8378,14025,14025,123464285594,112743038453,9000,10714,0,0,38126,34215,525,580,0,0,0,0,0,0,0,59,59,173,160,55,55,104,0,2015-02-18 10:44:18,55
1061232,1409322,1829,1711,2146,2641,93111437,95780750,9090,9206,15045,15045,125912930833,119470827549,9603,11555,0,0,50421,44441,776,864,0,0,0,0,0,0,0,65,63,210,179,61,59,96,0,2015-02-18 10:47:22,59
908088,1310888,1240,1160,2165,2750,29732012,31549079,9204,9570,10200,10200,99562738536,84555077000,4843,6212,0,0,33062,31698,443,448,0,0,0,0,0,0,0,46,44,127,125,42,42,67,0,2015-02-18 10:50:16,40
1230104,1846604,1519,1421,3126,4003,4502441,6438599,13334,13942,12495,12495,107316128134,109463208813,4639,6417,0,0,43288,43508,592,565,0,0,0,0,0,0,0,53,51,168,130,51,49,90,0,2015-02-18 10:53:17,49
1146016,1711750,4030,3770,2732,3344,170386073,244214584,11908,11600,33150,33150,273087826125,262405007371,13860,23853,0,0,84205,48348,1277,1473,0,0,0,0,0,0,0,169,185,405,391,142,136,248,0,2015-02-18 10:56:17,130
1089792,1536042,9887,7473,2313,2599,461859477,660164566,10432,8912,62985,62985,550823379322,530643842347,26218,46192,0,0,3778820,68226,47150,5804,0,0,0,0,0,0,0,480,449,753,771,361,249,569,0,2015-02-18 10:59:16,247
917680,1355362,5146,4814,2009,2582,320466487,452328044,9216,8546,42330,42330,350355711910,361108033832,17412,29335,0,0,60436,38173,891,1011,0,0,0,0,0,0,0,232,236,485,468,174,166,333,0,2015-02-18 11:02:16,166
818392,1300994,3162,2958,1869,2854,176472158,238862090,8834,9064,26010,26010,230275515398,232430829892,9725,14155,0,0,70409,69644,896,930,0,0,0,0,0,0,0,126,136,295,262,102,102,206,0,2015-02-18 11:05:22,102
863592,1415896,3069,2871,1953,3123,166790534,225978352,9402,9802,25245,25245,212931281996,204403082633,9411,13750,0,0,52181,52419,701,708,0,0,0,0,0,0,0,120,127,316,266,103,101,188,0,2015-02-18 11:08:16,99
726480,1344830,1364,1276,1699,3054,50267290,68770071,8382,9356,11220,11220,74693449281,91893153592,4065,6177,0,0,40802,38771,514,510,0,0,0,0,0,0,0,48,50,149,119,46,44,83,0,2015-02-18 11:11:18,44
986296,1925886,744,696,2451,4446,1661067,3273120,11932,13728,6120,6120,54394247999,52256423938,2002,3412,0,0,24839,22903,263,229,0,0,0,0,0,0,0,24,26,77,72,24,24,45,0,2015-02-18 11:14:16,24
716272,1221904,1178,1102,1714,2698,58617281,71047863,7912,8658,9690,9690,71585081963,73738279151,4152,5818,0,0,19827,18179,230,220,0,0,0,0,0,0,0,48,42,106,109,40,38,91,0,2015-02-18 11:17:23,38
1069120,1233582,3813,3567,1878,2091,235086168,275181265,8036,7308,31365,31365,261145124569,254768455308,16086,20655,0,0,49159,48839,740,828,0,0,0,0,0,0,0,163,150,292,347,137,123,231,0,2015-02-18 11:20:16,123
1148840,1352382,3782,3538,2174,2491,169112027,209455871,9294,8782,31110,31110,264470544988,268803692162,15258,19506,0,0,51222,49115,758,829,0,0,0,0,0,0,0,150,156,340,376,134,126,220,0,2015-02-18 11:23:17,122
1191392,1490398,2635,2465,2938,3571,80801504,104925009,12308,12844,21675,21675,175643501024,182137126037,7968,9619,0,0,59163,52371,878,832,0,0,0,0,0,0,0,91,101,220,255,87,87,133,0,2015-02-18 11:26:17,85
1309544,1633946,2821,2639,3206,3901,64400976,83531383,13478,14038,23205,23205,189886891658,200665168923,8551,10323,0,0,93990,87166,1359,1292,0,0,0,0,0,0,0,97,101,250,265,97,93,125,0,2015-02-18 11:29:17,91
1285808,1357046,3193,2987,3533,3383,169581839,178779579,12992,12778,26265,26265,204922454936,204933892591,10180,10930,0,0,60507,53826,710,719,0,0,0,0,0,0,0,107,117,309,292,103,103,154,0,2015-02-18 11:32:27,103
1336048,1391306,3255,3045,3675,3465,174150179,181327498,13384,13118,26775,26775,238539529308,223522697414,10468,11125,0,0,50282,50893,618,631,0,0,0,0,0,0,0,117,119,306,260,107,107,169,0,2015-02-18 11:35:16,105
1002800,1301682,4216,3944,2135,2394,298143075,422912817,9176,8408,34680,34680,286773625631,282513252329,15554,27836,0,0,95004,22445,1167,1451,0,0,0,0,0,0,0,156,170,374,374,144,140,202,0,2015-02-18 11:38:20,136
1036160,1378068,4681,4379,2138,2437,278456285,404690029,9368,8500,38505,38505,311343813517,330703896040,17420,31888,0,0,108140,20365,1494,1920,0,0,0,0,0,0,0,181,181,412,439,159,153,236,0,2015-02-18 11:41:17,151
1164160,1422230,4681,4379,2178,2447,248488732,320853527,9444,8556,38505,38505,323410798191,304103547255,18615,27808,0,0,117184,64936,1486,1760,0,0,0,0,0,0,0,204,167,390,477,173,151,222,0,2015-02-18 11:44:17,151
1126760,1325986,4216,3944,2051,2312,257776524,323476382,8822,8102,34680,34680,311759015498,309678782352,17071,22140,0,0,57547,50709,797,880,0,0,0,0,0,0,0,146,160,409,365,140,138,197,0,2015-02-18 11:47:16,136
1111816,1323702,4278,4002,2067,2346,220193703,285152837,8902,8220,35190,35190,317721283921,311340859081,16948,22096,0,0,121823,125077,1770,1940,0,0,0,0,0,0,0,168,168,385,379,142,140,209,0,2015-02-18 11:50:16,138
1164576,1319716,2976,2784,2478,2812,167551787,185732532,9984,9824,24480,24480,208790915813,215270881703,11254,13240,0,0,50066,45664,688,699,0,0,0,0,0,0,0,104,118,246,260,100,96,126,0,2015-02-18 11:53:19,96
1403416,1573952,3162,2958,2829,3309,117448518,127046255,11506,11342,26010,26010,200054307142,234445279370,12693,14493,0,0,57599,52584,701,714,0,0,0,0,0,0,0,112,112,302,283,102,102,137,0,2015-02-18 11:56:18,102
1094584,1661106,2232,2088,2577,3887,71819662,83640091,11614,12626,18360,18360,147687022247,139130325736,7046,8779,0,0,62670,56322,849,791,0,0,0,0,0,0,0,76,80,197,219,74,72,105,0,2015-02-18 11:59:19,72
1104160,1870224,2263,2117,2663,4453,43161634,56270965,12688,14222,18615,18615,152966212593,157297424693,6403,8538,0,0,59471,59882,872,788,0,0,0,0,0,0,0,85,83,209,238,77,75,120,0,2015-02-18 12:02:17,73
1010528,1638558,2356,2204,2513,3934,73692654,96099406,11532,12866,19380,19380,171651931839,163074325321,6703,8752,0,0,64596,64731,989,895,0,0,0,0,0,0,0,86,86,209,221,78,76,120,0,2015-02-18 12:05:18,76
1130808,1527690,5859,5481,2682,3255,302051941,407926917,11850,11148,48195,48195,396183301844,432766828237,18122,25965,0,0,67189,60416,961,1034,0,0,0,0,0,0,0,260,259,496,507,199,191,316,0,2015-02-18 12:08:16,189
1043848,1411424,5456,5104,2464,2992,295383788,398790066,10922,10240,44880,44880,341123998917,377673798513,16882,24240,0,0,95946,81223,1253,1345,0,0,0,0,0,0,0,236,220,496,504,198,176,292,0,2015-02-18 12:11:16,176
1037808,1400512,5332,4988,2468,2994,279999995,377861171,10900,10282,43860,43860,383016258012,350863533372,16459,23548,0,0,63503,59131,870,931,0,0,0,0,0,0,0,218,202,523,564,186,172,278,0,2015-02-18 12:14:16,172
786304,1044668,3410,3190,1996,2402,207673502,278540963,8536,8520,28050,28050,255388315404,233951332251,10271,14022,0,0,28783,26473,397,396,0,0,0,0,0,0,0,122,138,372,338,112,110,169,0,2015-02-18 12:17:17,110
279216,368908,1178,1102,712,856,63974884,84961105,3052,3048,9690,9690,83050065000,78766390319,3523,4788,0,0,8648,7630,126,127,0,0,0,0,0,0,0,40,40,145,110,40,38,55,0,2015-02-18 12:20:18,38
