ct_state_ttl_all,ct_dst_src_ltm_all,ct_dst_src_ltm_dns,sttl_ftp,Dintpkt_ftp,sbytes_http,sloss_http,Dintpkt_http,dttl_smtp,Djit_smtp,ackdat_ssh
25,8491,1037.0,3131.0,14037.481706,1022722.0,1161.0,208974.651192,4437.0,68030.79801099999,0.030025
38,6858,890.8,3100.0,1572.283878,1022722.0,915.8,16852.1558026,4698.0,2317.744665,0.045238
159,6631,912.0,3038.0,1845.779872,1369574.0,1018.0,17639.734036,4156.400000000001,1898.2818450000002,0.037104
193,10820,1211.0,4494.0,4347.794674,1683555.0,1302.0,18505.352744,4321.0,1898.2818450000002,0.03625
277,11615,1220.0,3211.0,1940.908118,1470124.0,1380.0,21038.48067,4524.0,1903.189726,0.0240009999999999
153,8330,983.0,3007.0,3650.358677,1621430.0,1146.0,20988.155533,4466.0,2066.891308,0.0234279999999999
1615,8243,968.0,4717.0,2629.302427,1397582.0,1061.0,21329.932011,4901.0,4210.028135,0.01774
690,6667,1023.0,2170.0,1248.359063,1846938.0,1280.0,25298.056065,4930.0,3934.294601000001,0.0167349999999999
286,6453,937.0,2387.0,2047.410275,1442976.0,1081.0,20845.402342,4524.0,2382.814425,0.026715
24,6208,950.0,2635.0,4258.056811,1844794.0,1131.0,21588.016008,4698.0,3617.587096,0.5672339999999999
86,6600,1069.0,3008.0,1951.691757,1362151.0,1150.0,22758.442327,5771.0,4851.073467,0.009246
31,6284,994.0,2387.0,1416.405304,1564166.0,1220.0,23488.087318,5133.0,2871.959218,0.012345
45,7019,1192.0,3472.0,3414.832846,1499740.0,1289.0,25092.020018000003,5336.0,3044.403301,0.016092
63,7485,1205.0,3007.0,1949.286557,1844352.0,1362.0,26391.051955,5191.0,3374.676735,0.015191
34,7899,1096.0,2790.0,1502.548268,1707258.0,1225.0,23415.889464,5107.0,3904.862051,0.0113579999999999
354,9730,1110.0,3224.0,4543.957869,1249826.0,1119.0,19852.112453,4872.0,3512.146175,0.006252
59,7621,1144.0,3565.0,5154.713748,1572652.0,1233.0,25775.247118,6090.0,5504.847767,0.0064619999999999
221,7240,1117.0,3596.0,3398.029703,1884012.0,1245.0,24702.160871,5916.0,5166.332911,0.027019
72,7343,2457.0,2170.0,1114.0899000000002,1518242.0,1162.0,23670.597764,5802.0,4749.210119,0.02932
214,8078,2934.0,2418.0,1182.635764,1097030.0,915.8,17870.228196999997,4383.0,2174.71616,0.0146289999999999
35,7745,2441.0,4574.0,1968.923416,1547388.0,1104.0,21805.410762,4669.0,2232.772724,0.005907
140,7402,1881.0,3038.0,2194.381419,1644796.0,1158.0,32803.387749,5220.0,3203.9003709999997,0.0117939999999999
150,7541,1808.0,3193.0,2181.383171,1687582.0,1199.0,23671.330767,5588.0,3819.267056,0.030259
167,6878,1594.0,3224.0,3457.814679,1208379.0,976.0,19406.031108,5075.0,2999.886292,0.020932
447,7826,2180.0,2357.0,1590.656516,1022961.0,1067.0,21584.319293,5221.0,4214.306183000001,0.010442
1110,9158,3147.0,3131.0,2975.674182999999,1682081.0,1263.0,23470.270693,5336.0,4074.111489,0.0149069999999999
57,8706,3187.0,2170.0,1114.0899000000002,1296980.0,915.8,17329.120018,4176.0,2472.122001,0.0191889999999999
93,8444,2396.0,2170.0,1114.0899000000002,1022722.0,915.8,16852.1558026,4156.400000000001,1898.2818450000002,0.00518379999999996
24,8186,1991.0,2170.0,1114.0899000000002,1022722.0,915.8,16852.1558026,4156.400000000001,1898.2818450000002,0.00518379999999996
42,7241,1349.0,2170.0,1114.0899000000002,1022722.0,915.8,16852.1558026,4156.400000000001,1898.2818450000002,0.00518379999999996
174,7186,890.8,2170.0,1114.0899000000002,1022722.0,915.8,16852.1558026,4156.400000000001,1898.2818450000002,0.00518379999999996
1837,7381,890.8,3441.0,2812.583663,1022722.0,915.8,16852.1558026,4156.400000000001,1898.2818450000002,0.020176
1079,7130,890.8,3410.0,3100.6183959999994,1022722.0,915.8,16852.1558026,4156.400000000001,1898.2818450000002,0.005785
294,6353,890.8,3069.0,1816.501831,1022722.0,915.8,16852.1558026,4156.400000000001,1898.2818450000002,0.00518379999999996
150,7297,1105.0,2666.0,2662.812633,1022722.0,915.8,16852.1558026,4156.400000000001,1898.2818450000002,0.008171
130,7097,890.8,2170.0,1838.892422,1022722.0,915.8,16852.1558026,4156.400000000001,1898.2818450000002,0.0121479999999999
38,6208,890.8,2852.0,1986.720451,1022722.0,915.8,16852.1558026,5104.0,3191.70872,0.01051
94,6369,890.8,3038.0,2821.234146,1022722.0,915.8,16852.1558026,5075.0,5578.749104,0.00518379999999996
39,7272,890.8,2976.0,2642.181299,1022722.0,915.8,16852.1558026,4756.0,3579.450408,0.016469
83,7817,890.8,2883.0,3083.553147,1022722.0,915.8,16852.1558026,5336.0,3216.739708,0.02319
24,7345,890.8,2635.0,1780.8276069999995,1022722.0,915.8,16852.1558026,4321.0,2899.272524,0.028469
24,6646,1002.0,2170.0,1162.3148479999998,1291112.0,1031.0,19501.688513,5365.0,4318.668849,0.024102
24,6705,1093.0,2294.0,1425.4009940000003,1576797.0,1159.0,22719.136916,6033.0,4251.898378,0.021198
24,8598,1142.0,2387.0,1433.536336,1476746.0,1167.0,19248.081693,5601.0,7181.846448,0.020657
24,11923,1205.0,2604.0,3161.780931,1437146.0,1283.0,18616.549457,5597.0,4108.660044,0.013994
16,11251,1093.0,2852.0,3274.397195,1214946.0,1193.0,18701.82356,5046.0,3248.766606,0.011028
24,9024,1228.0,2325.0,2008.872345,1598734.0,1266.0,21864.980176,4640.0,2100.145257,0.00518379999999996
24,7863,1164.0,3938.0,7405.137490999999,1666754.0,1286.0,25827.691289,4787.0,2607.7583430000004,0.012299
24,6650,1166.0,2728.0,1662.418448,1715633.0,1327.0,27466.402134,4497.0,3014.5157360000003,0.017226
24,6588,1074.0,3224.0,2473.304195,1873142.0,1213.0,23895.645898,5686.0,4714.324987999999,0.028847
24,6208,890.8,2387.0,1154.344553,1034388.0,915.8,17278.94106,5337.0,5606.959973,0.0450169999999999
24,6208,895.0,2542.0,2081.80961,1218962.0,1057.0,21239.998659,5133.0,3072.944472,0.045765
16,6208,933.0,3317.0,7496.698114000001,1412311.0,1072.0,19837.126574,5308.0,3224.24274,0.019254
24,6652,984.0,3224.0,2449.939493,1122587.0,1033.0,20576.399481,5307.0,4346.446269,0.0112719999999999
24,6363,1032.0,2635.0,2274.032313,1143814.0,1066.0,20811.119837,5976.0,4852.095502,0.0122359999999999
24,6319,965.0,2635.0,2596.3766730000007,1022722.0,958.0,18895.986209,5481.0,3338.2274690000004,0.028517
24,6208,1009.0,2604.0,1929.525949,1720370.0,1153.0,22552.941997,5017.0,2236.254291,0.0270969999999999
24,6421,1054.0,2480.0,2550.491164,1414180.0,1085.0,21083.582819,5512.0,3792.810594000001,0.027768
24,6343,1013.0,2450.0,2180.464471000001,1340497.0,1126.0,22775.78411,5366.0,7892.86622,0.036946
16,6369,1087.0,3348.0,2584.23059,1251631.0,1104.0,22612.503879,4321.0,2209.4528370000003,0.035251
16,6208,936.0,2387.0,1249.489817,1168538.0,1042.0,19928.06019,4156.400000000001,1898.2818450000002,0.022365
24,6208,965.0,2914.0,3114.7972140000006,1269912.0,1060.0,21070.176346,4263.0,1898.2818450000002,0.0185959999999999
24,6346,1129.0,2666.0,2390.3188090000003,1646790.0,1271.0,25423.107125,4205.0,1898.2818450000002,0.023547
16,6683,1114.0,3286.0,3124.329822,1816492.0,1204.0,25145.032681,4641.0,3390.585059,0.021793
24,6726,947.0,2852.0,2494.894804,1369060.0,1094.0,21028.228103,5249.0,7674.070285999998,0.014068
24,6208,890.8,3596.0,2418.662406,1302144.0,915.8,16852.1558026,4990.0,2665.561017,0.0146429999999999
16,6208,890.8,2697.0,1331.161877,1074822.0,915.8,17348.126081000002,5017.0,2633.4974220000004,0.0215479999999999
24,6208,890.8,2666.0,1566.598272,1287114.0,990.0,18678.184609,4872.0,2623.0848960000003,0.028705
24,6208,890.8,2263.0,1330.446487,1263059.0,1000.0,19388.126828,4756.0,2690.966244,0.014863
24,6208,895.0,2604.0,3170.3461910000005,1046090.0,918.0,17804.254423,5105.0,4989.815986,0.00762
16,6208,940.0,2263.0,1576.474603,1098851.0,1004.0,19761.866649,4756.0,3615.468205,0.008113
24,6529,896.0,2853.0,1811.120296,1304564.0,987.0,18758.217188,4408.0,1965.70381,0.0075169999999999
24,6275,890.8,3007.0,2759.262667,1090680.0,975.0,19618.606866,4901.0,2546.692195,0.010156
24,6305,968.0,3906.0,5268.458135000001,1729863.0,1101.0,21396.610568,4350.0,2313.102921,0.0105209999999999
16,6431,1004.0,3410.0,4412.283864,1242131.0,1079.0,20641.602811,4321.0,3989.197539,0.015239
24,6622,924.0,2170.0,1114.0899000000002,1154020.0,915.8,16852.1558026,4176.0,2157.771753,0.0342909999999999
24,6369,890.8,2666.0,1610.606099,1022722.0,937.0,17941.981517,4525.0,2409.5507100000004,0.0280619999999999
24,6482,982.0,2232.0,1767.687953,1391646.0,1042.0,19884.358893,4785.0,2867.507654,0.032375
24,6362,897.0,2914.0,2228.512433,1300340.0,1053.0,19574.051635,4582.0,3438.966641,0.016105
24,6355,893.0,3999.0,6395.815742,1044849.0,933.0,17228.206723,4437.0,4047.821021,0.0161429999999999
24,6390,890.8,3348.0,2691.644991,1022722.0,915.8,16852.1558026,4615.0,3836.508074,0.00518379999999996
24,6217,891.0,3565.0,4264.683964000001,1375339.0,998.0,19231.207345000003,4988.0,3561.503411,0.00518379999999996
24,6441,1017.0,2542.0,2735.491049,1155462.0,996.0,18781.238586,5075.0,2941.49365,0.0069319999999999
24,6404,910.0,2542.0,1144.949333,1050646.0,915.8,17014.338683,5597.0,3408.468105,0.008555
24,6646,962.0,2170.0,1367.37092,1299790.0,1051.0,20088.957502,5655.0,7415.24826,0.00518379999999996
24,6264,937.0,3410.0,2916.670698000001,1080246.0,1059.0,20657.739988,5192.0,7318.505422999999,0.00518379999999996
24,6491,1004.0,13950.0,22277.614279,1643595.0,1192.0,21913.237186,4930.0,2928.0032009999995,0.0067439999999999
24,6208,1095.0,29295.0,68724.60178199998,2183652.0,1306.0,25740.778273,4959.0,3323.86293,0.007775
24,6624,1100.0,32643.0,66651.48502200001,1833626.0,1249.0,23578.532823,4988.0,2468.131733,0.0111519999999999
24,7144,1109.0,18476.0,20468.7935,1094299.0,1126.0,21780.604587,4582.0,5033.788232000001,0.010005
24,6996,1091.0,18849.0,21571.849227,1496843.0,1119.0,20734.749276999995,4206.0,3372.2064480000004,0.009793
24,6952,1054.0,5457.0,3961.913419,1483676.0,1156.0,22258.398151,4611.0,2989.122766,0.016838
24,6991,950.0,2170.0,1114.0899000000002,1459894.0,1117.0,20580.95345,4582.0,3750.738816,0.020773
24,6208,942.0,3038.0,2981.471006,1421610.0,1121.0,21495.022488999995,5336.0,4168.006595999999,0.013651
16,6208,901.0,3193.0,2653.9874130000003,1106483.0,1000.0,19881.598279,5104.0,4382.486575,0.012996
24,6208,918.0,4061.0,5186.707723,1302395.0,1006.0,19148.854045,4902.0,7424.119542,0.018739
24,14754,2402.0,3906.0,4787.492767000001,1295496.0,960.0,18032.077122,4292.0,2698.7606910000004,0.0359289999999999
32,83922,6990.0,3255.0,4286.986432000001,1276818.0,1046.0,20485.400556,4930.0,2728.349695,0.027041
24,100797,6340.0,2511.0,1712.603297,1485762.0,1151.0,22718.804471,5568.0,3836.084279,0.009209
24,96322,2313.0,2945.0,2070.656256,1338035.0,1077.0,39214.991914,5424.0,4147.886465,0.008378
24,87819,2492.0,2790.0,1915.312065,1687919.0,1102.0,19605.508186,4873.0,5896.924256,0.0068799999999999
32,45223,1413.0,2945.0,2664.438564,1868987.0,1088.0,20136.300283,5133.0,3460.467368,0.018049
24,6208,942.0,2604.0,1158.851245,1636586.0,1146.0,22400.549263,4872.0,2706.064386,0.020096
24,6418,1046.0,3038.0,1614.980024,1430616.0,1163.0,22396.062188,4582.0,2490.2018689999995,0.0167949999999999
16,6727,993.0,2418.0,1265.5436960000002,1454716.0,1112.0,20994.532529,4903.0,6880.914863,0.008086
24,7539,1093.0,2791.0,2461.4730930000005,1595162.0,1168.0,23224.011024,4611.0,2366.426504,0.009995
24,6825,1033.0,2170.0,1206.0384090000005,1441620.0,1069.0,20015.714216,5075.0,2888.5656069999995,0.01211
24,6556,984.0,2883.0,1809.887139,1534528.0,1082.0,20526.906696,4582.0,2373.401392,0.014946
24,6208,890.8,2573.0,1624.8267039999998,1335156.0,1020.0,19022.460334,4156.400000000001,1898.2818450000002,0.016824
24,6595,919.0,2201.0,1114.0899000000002,1362599.0,984.0,17987.654606,4156.400000000001,1898.2818450000002,0.041999
24,6535,990.0,2914.0,4028.5583,1665757.0,1081.0,20943.048423,4156.400000000001,1898.2818450000002,0.045367
24,6506,1006.0,3255.0,2897.878899,1477340.0,1099.0,21075.156169,4611.0,2335.5673759999995,0.050982
24,6208,952.0,2604.0,1369.501086,1431352.0,1069.0,21095.897059,4292.0,2167.5095880000003,0.037793
24,6458,890.8,2170.0,1316.428576,1146708.0,917.0,16860.843522,4582.0,2420.328939,0.01926
24,6208,890.8,3565.0,3483.304937,1420651.0,987.0,17936.938202999998,4902.0,2621.851347,0.019433
16,7538,967.0,2263.0,1405.420095,1185355.0,1027.0,16852.1558026,4611.0,3235.8393990000004,0.01602
24,10954,1092.0,2790.0,1737.65086,1155280.0,1243.0,18244.868764,4698.0,3044.86608,0.01207
24,11616,1212.0,2604.0,2067.0170550000003,1507518.0,1286.0,19414.361289,4756.0,2459.019674,0.014048
24,8855,1041.0,3782.0,4157.494259000001,1580490.0,1157.0,19631.574036,4408.0,1934.109142,0.010213
24,7010,1003.0,3813.0,5290.403253999999,1211152.0,1057.0,19459.092296000003,4156.400000000001,2675.752062,0.011377
16,6673,965.0,3534.0,4817.664673,1271042.0,1047.0,19451.266393,4611.0,4397.497323,0.00518379999999996
24,6728,935.0,3007.0,2093.892277,1228678.0,1059.0,19774.897682,4785.0,2917.669742,0.006921
16,6448,890.8,2201.0,1114.0899000000002,1022722.0,954.0,18295.855246,5510.0,4135.009748,0.03865
24,6208,890.8,3813.0,4877.724224,1184364.0,940.0,17400.544679,5104.0,3025.762603,0.037819
24,6338,893.0,2542.0,1393.4957060000002,1429954.0,981.0,18740.208621,5743.0,4938.2236410000005,0.018415
24,6486,969.0,2914.0,3085.953157,1498670.0,1069.0,21180.578216,5193.0,3406.483713,0.010021
24,6551,938.0,2635.0,1323.563673,1378294.0,1093.0,21525.230673,5162.0,2790.008907,0.009087
24,6208,1089.0,3007.0,3344.4719400000004,1965610.0,1299.0,25817.865347,5220.0,2915.550938,0.011122
24,6825,1056.0,2325.0,1457.3146389999995,1316630.0,1105.0,21156.834896,4495.0,2826.366719,0.011105
16,6305,1111.0,2945.0,2221.179972,1373725.0,1150.0,24075.575392,4408.0,6162.269854,0.0115899999999999
24,6366,1060.0,3131.0,5414.103164,1559112.0,1188.0,24117.019148,5046.0,4274.692303000001,0.015511
24,7460,1158.0,3131.0,2685.899976,1772366.0,1274.0,23741.621009,5278.0,3313.323894,0.013711
24,7430,1042.0,2604.0,1490.8864299999998,1395852.0,1151.0,20882.442956,4756.0,2335.202993,0.00957
24,7249,1071.0,3906.0,7985.752270999999,1277396.0,1050.0,19999.131314,4902.0,2500.756836,0.0093339999999999
16,6744,965.0,2821.0,1523.350116,1467456.0,1082.0,19868.678613,4874.0,2316.876672,0.00518379999999996
24,6458,980.0,2635.0,2076.8703,1380156.0,1136.0,22630.146577,5162.0,3370.915824,0.00518379999999996
16,6208,1081.0,2294.0,1126.4296700000002,1573572.0,1201.0,24309.291555000003,5278.0,2515.9026590000003,0.0125
24,6525,971.0,3038.0,3700.733217,1397438.0,1013.0,19590.784657,5626.0,3329.288122,0.010917
24,6208,988.0,2170.0,1167.758961,1511506.0,1116.0,22967.786296,5570.0,4193.184718,0.013356
24,6208,993.0,2170.0,1114.0899000000002,1640399.0,1154.0,23682.250256,5539.0,4812.037298000001,0.012627
16,6475,1041.0,2170.0,1114.0899000000002,1596502.0,1102.0,20042.37976,4611.0,2112.697246,0.00518379999999996
24,6906,997.0,2759.0,1356.745651,1022722.0,985.0,18726.091793,4379.0,2138.938485,0.00518379999999996
24,6520,981.0,2697.0,1322.195789,1387242.0,1151.0,22241.422212,4379.0,2337.545765,0.00518379999999996
24,6723,1142.0,2604.0,1468.0855759999995,1627941.0,1303.0,27347.584431,4582.0,3159.94487,0.024528
24,6612,1228.0,2325.0,1202.9571099999998,1538509.0,1326.0,26511.060753,5394.0,3002.750444,0.014661
24,11391,1134.0,3007.0,1870.83461,1424496.0,1292.0,19765.145161,4156.400000000001,1898.2818450000002,0.0066559999999999
24,10411,1087.0,3565.0,2528.22963,1250242.0,1110.0,16852.1558026,4156.400000000001,1898.2818450000002,0.010074
24,11113,1147.0,2170.0,1114.0899000000002,1218856.0,1164.0,17327.313206,4156.400000000001,1898.2818450000002,0.007604
24,9697,1042.0,2821.0,1898.144761,1359122.0,1189.0,19856.960373,4156.400000000001,1898.2818450000002,0.005251
16,9046,1102.0,2604.0,2043.011872,1248996.0,1189.0,19884.966862,4156.400000000001,1898.2818450000002,0.00518379999999996
16,6208,890.8,2728.0,2076.122617,1022722.0,915.8,16852.1558026,4156.400000000001,1898.2818450000002,0.00518379999999996
16,6208,890.8,3007.0,2373.917924,1022722.0,915.8,16852.1558026,4959.0,2959.1480680000004,0.017172
24,6863,890.8,2852.0,1696.872212,1022722.0,915.8,16852.1558026,4408.0,2200.479733,0.0217619999999999
24,6309,890.8,2325.0,2262.691033,1022722.0,915.8,16852.1558026,4553.0,2587.184549,0.024853
16,6208,890.8,3131.0,3890.349163,1022722.0,915.8,16852.1558026,4872.0,3425.245822,0.029181
24,6233,890.8,2170.0,1114.0899000000002,1022722.0,915.8,16852.1558026,4843.0,4477.305109999999,0.025705
24,6395,977.0,3286.0,4505.7028390000005,1440032.0,1081.0,21188.707129,6322.0,5295.162926,0.027552
24,6208,944.0,3069.0,3456.413182,1425100.0,1076.0,19848.108311,6061.0,3504.5378250000003,0.027227
24,6489,939.0,2387.0,1114.0899000000002,1306948.0,973.0,17527.714821,4843.0,2843.605398,0.029678
24,6336,890.8,2822.0,1607.152958,1022722.0,915.8,17007.393547,4235.0,4951.779525000001,0.030847
24,6567,1007.0,2884.0,3118.655302,1178188.0,1143.0,22088.984209,4156.400000000001,2266.540664,0.015587
24,6929,1233.0,2418.0,3295.07808,1790552.0,1433.0,29071.776198,5278.0,2863.941857,0.018319
24,6801,1139.0,3534.0,2272.586531,1487988.0,1220.0,23605.793159,4872.0,3317.90953,0.028784
24,6548,1029.0,3069.0,2180.5725,1418120.0,1180.0,24069.260252,5191.0,2642.63591,0.039146
24,6208,890.8,2790.0,1420.857786,1381149.0,925.0,16908.008354999998,4178.0,5792.154059,0.0084219999999999
16,6208,890.8,3069.0,2381.458523,1271990.0,970.0,18821.751245,4156.400000000001,1898.2818450000002,0.0105199999999999
24,6363,1023.0,2790.0,1891.463526,1526030.0,1122.0,22421.868719,4466.0,2255.4987250000004,0.028394
24,7711,1154.0,2449.0,2153.3085359999995,1773400.0,1279.0,22724.183979,5481.0,4233.298432,0.029217
24,8911,1058.0,3875.0,7655.269121,1487040.0,1254.0,21161.558941,6032.0,4737.023797,0.027911
16,10082,1073.0,2573.0,2262.29268,1022722.0,1102.0,17046.636798,4872.0,2988.142473,0.032565
24,10639,1011.0,2666.0,2057.205018,1022722.0,1057.0,16852.1558026,4156.400000000001,2006.431608,0.019073
24,9758,1064.0,2821.0,1908.555111,1055266.0,1150.0,17832.650109000002,4553.0,2306.688478,0.0192479999999999
16,7170,1014.0,3069.0,2354.9490120000005,1429414.0,1123.0,22294.187831,4959.0,2961.7015600000004,0.022897
24,6724,1178.0,2170.0,1114.0899000000002,1666816.0,1297.0,25705.389248,4988.0,3007.564426,0.018113
24,8249,1075.0,2852.0,2398.91318,1180929.0,1137.0,20420.895505,4785.0,2010.782558,0.014693
24,7797,1044.0,2945.0,2008.13793,1346393.0,1148.0,20636.208123,4930.0,2923.968999,0.0081409999999999
24,7305,963.0,3596.0,4157.5297900000005,1432938.0,1068.0,19428.828514,4843.0,2605.669858,0.01193
24,6850,974.0,3100.0,2034.296737,1306694.0,1066.0,19132.544368000003,5887.0,4754.44743,0.00518379999999996
24,7220,1018.0,2232.0,1114.0899000000002,1226748.0,1052.0,19145.78101,4727.0,2596.526315,0.005902
24,7417,1051.0,2170.0,1292.014543,1341802.0,1172.0,21737.553276,4495.0,1898.2818450000002,0.00518379999999996
24,7094,1004.0,2325.0,1674.795536,1429263.0,1132.0,22077.017857,4408.0,2810.618022,0.006199
16,7267,1060.0,2945.0,1765.595668,1614570.0,1238.0,24513.479624,4988.0,3081.000239,0.007145
24,6997,1075.0,2573.0,3415.749207,1468434.0,1135.0,21573.428719000003,4156.400000000001,2016.357322,0.0096569999999999
24,6208,926.0,2170.0,1114.0899000000002,1621468.0,1183.0,22910.356330999995,4156.400000000001,2286.437534,0.00518379999999996
24,6336,951.0,2170.0,1114.0899000000002,1138952.0,1073.0,20273.078732,4640.0,2385.344917,0.00518379999999996
24,7206,971.0,2604.0,1524.698198,1022722.0,916.0,16852.1558026,4814.0,3121.8814019999995,0.00518379999999996
16,7459,980.0,2790.0,2652.043946,1099866.0,966.0,17300.230724,5191.0,3409.275666,0.005569
24,6467,890.8,2728.0,1420.178317,1302126.0,962.0,17653.27755,4156.400000000001,1898.2818450000002,0.006541
16,6337,890.8,3038.0,1645.6600770000002,1273078.0,981.0,18189.14076,4292.0,2454.641605,0.008292
24,6356,923.0,3038.0,3319.647676,1465824.0,1117.0,20936.811538,4156.400000000001,1898.2818450000002,0.0072039999999999
24,6464,939.0,3039.0,3119.752144,1370922.0,1042.0,19130.243985,4156.400000000001,1952.278822,0.006231
24,6557,1051.0,2635.0,1437.451669,1551593.0,1121.0,21197.094487,5046.0,3231.695112,0.0089979999999999
24,15028,1345.0,3782.0,5867.105305000001,1223264.0,1419.0,16852.1558026,5249.0,2760.787844,0.035378
24,18923,1517.0,3317.0,2823.42339,1234352.0,1567.0,16852.1558026,5278.0,3534.3090759999995,0.030667
24,19342,1516.0,2418.0,1379.169106,1771394.0,1666.0,17663.782967,5394.0,4087.037778,0.016674
16,14670,1242.0,3100.0,2119.28753,1509688.0,1316.0,18102.977406,4437.0,2279.823707,0.010622
24,7198,1026.0,2356.0,2191.580409,1625923.0,1114.0,19916.991582,4641.0,2274.872098,0.00518379999999996
24,6900,1122.0,2976.0,1940.169269,1669172.0,1266.0,25462.600891,5510.0,3752.31013,0.00518379999999996
24,7437,1183.0,2883.0,4168.06467,1546168.0,1254.0,23935.351832,5829.0,3495.50696,0.011866
24,7299,1097.0,3007.0,2531.353286,1662604.0,1256.0,23675.204347,5539.0,4163.098972,0.020425
24,7242,995.0,2604.0,2317.330367,1180878.0,1022.0,18217.94519,4669.0,2495.207761,0.018234
24,7480,1055.0,2604.0,2247.607654000001,1481752.0,1131.0,20604.615232,4292.0,2902.572063,0.019468
24,6599,1156.0,2635.0,1242.6710739999996,1899672.0,1305.0,27196.815575,4263.0,2083.523294,0.011554
24,6872,1086.0,2325.0,2585.4940470000006,1355130.0,1308.0,26989.287976,4379.0,2065.15964,0.013114
16,7258,1178.0,3721.0,3996.992833,1749144.0,1359.0,26604.173314,4555.0,2884.865068,0.035827
16,7421,1039.0,2790.0,1206.143216,1198700.0,1080.0,19605.500101,4959.0,3016.776201,0.018557
24,6426,915.0,2914.0,2499.047508,1675484.0,1100.0,20398.632634,4156.400000000001,1986.758769,0.023555
24,6208,890.8,2325.0,1907.765338,1294470.0,915.8,16852.1558026,4524.0,2752.881263,0.021699
24,6259,981.0,2232.0,1114.0899000000002,1230542.0,1082.0,20615.51714,4582.0,2986.573047,0.0230669999999999
16,6713,1053.0,2170.0,1114.0899000000002,1650293.0,1194.0,24186.135655,5598.0,6087.600297,0.016462
24,6469,1006.0,3348.0,2262.748567,1331112.0,1028.0,20022.917325,5365.0,3745.9014,0.0131059999999999
24,6274,890.8,2790.0,2243.682225,1022722.0,915.8,16887.873815,5365.0,3778.95692,0.008715
24,6208,890.8,2976.0,1642.32662,1344136.0,915.8,16852.1558026,4176.0,1898.2818450000002,0.010518
24,6627,958.0,3193.0,2878.690962,1135716.0,1028.0,20298.107829,4466.0,2336.377328,0.019026
16,7686,1200.0,2418.0,2174.8501640000004,1583718.0,1280.0,23854.085251,4497.0,2570.342644,0.026914
24,7491,1070.0,2759.0,1547.30921,1352548.0,1195.0,22671.555162,5365.0,3097.932733,0.022129
24,7676,1130.0,2945.0,2620.7620210000005,1585436.0,1248.0,23254.493716,4466.0,2069.014233,0.0217529999999999
24,6527,895.0,2573.0,1277.3497330000002,1414414.0,1023.0,19539.005722,4698.0,2280.5206040000003,0.02076
24,6208,890.8,2294.0,1114.0899000000002,1267440.0,977.0,18739.520962,5336.0,3829.815175,0.021112
24,6584,890.8,2201.0,1236.837406,1351563.0,1000.0,17733.073677999997,5627.0,6060.984446999999,0.014263
24,7071,1029.0,2201.0,1684.5310860000002,1217540.0,1087.0,19906.037831,5017.0,2857.956576,0.0152209999999999
24,6477,948.0,2945.0,2044.199287,1231082.0,1036.0,20313.5651,5104.0,2999.173274,0.0251979999999999
16,6562,983.0,2635.0,1503.1835340000002,1719682.0,1113.0,21318.913057,5017.0,3776.670473,0.015303
24,6667,1046.0,2263.0,1135.282078,1573604.0,1161.0,23988.596759,4756.0,2198.60628,0.007724
24,6208,1069.0,2263.0,1242.797864,1425200.0,1255.0,27214.54544,4379.0,2371.449002,0.00518379999999996
24,6242,1061.0,2728.0,2162.494318,1864966.0,1241.0,25137.15321,4959.0,3481.33107,0.00518379999999996
24,6230,925.0,3348.0,2904.424969999999,1039800.0,1065.0,22200.695769,4930.0,3603.192199,0.00518379999999996
24,6208,946.0,3255.0,3318.413429,1597808.0,1082.0,21402.947339,5452.0,3537.421253,0.008729
16,8366,1134.0,2976.0,1891.248239,1476660.0,1247.0,19334.913059,4756.0,2690.9491040000003,0.01902
16,14493,1300.0,3379.0,4731.880755,1522548.0,1368.0,17108.552612,4156.400000000001,2257.545295,0.01608
24,15670,1539.0,2883.0,2021.864371,1897854.0,1659.0,22578.783371,5452.0,2966.136047,0.018452
24,7641,965.0,2852.0,3645.974752,1478952.0,1085.0,20363.206032,5945.0,3499.252813,0.0080069999999999
24,6247,952.0,3596.0,6290.870304000001,1335554.0,1138.0,21720.09768,5887.0,3918.529247,0.0145139999999999
24,6546,905.0,3255.0,3965.928963,1103290.0,996.0,18589.895256000003,4263.0,2481.079083,0.009747
24,6208,890.8,2666.0,3498.847957,1022722.0,932.0,16852.1558026,5134.0,3296.577509,0.0083879999999999
24,7130,1109.0,2759.0,2202.949223,1504102.0,1279.0,23772.45058,4785.0,3212.1480380000003,0.00518379999999996
16,7925,1222.0,2604.0,1491.5346399999996,1462642.0,1301.0,24358.239729,4988.0,3663.693094,0.01704
24,10457,1394.0,2449.0,1552.75867,1394808.0,1485.0,24126.273831,5771.0,3322.3046940000004,0.0288889999999999
24,17214,1576.0,2170.0,1114.0899000000002,2114760.0,1746.0,21644.672408,5337.0,3572.087412,0.037417
24,14066,1268.0,2170.0,1114.0899000000002,1422689.0,1307.0,19656.525337,4156.400000000001,2103.100777,0.009044
24,6321,978.0,2170.0,2263.9013710000004,1373424.0,1084.0,20979.868779,4698.0,2731.711486,0.5510860000000001
24,7200,1099.0,2697.0,1404.945624,1352792.0,1178.0,21635.263493,4727.0,2864.9913380000003,0.026855
24,10437,1342.0,4574.0,3526.602966,1681292.0,1424.0,22849.4755,4156.400000000001,1909.670906,0.012989
24,10366,1213.0,2170.0,1114.0899000000002,1484462.0,1301.0,21708.915414000003,4156.400000000001,1898.2818450000002,0.008575
16,6208,890.8,2170.0,1115.402315,1022722.0,915.8,16852.1558026,4156.400000000001,26913.939921000005,0.0106
16,6329,918.0,2201.0,1121.9725279999998,1372732.0,1040.0,19644.110486,4176.0,1898.541881,0.012773
24,6575,890.8,2914.0,1512.820345,1289546.0,965.0,17760.908203,4321.0,2225.888644,0.016354
24,6208,890.8,2852.0,2170.460552,1022722.0,915.8,16852.1558026,4495.0,1898.2818450000002,0.008337
316,6208,890.8,2790.0,1292.8209599999998,1022722.0,915.8,16852.1558026,4156.400000000001,1898.2818450000002,0.00593
49,6208,890.8,3038.0,2452.2024060000003,1022722.0,915.8,182758.09636000005,4156.400000000001,1898.2818450000002,0.0128029999999999
16,6208,2035.0,3689.0,3459.62157,1260598.0,1388.0,16852.1558026,4669.0,2157.668764,0.0319809999999999
16,6208,1403.0,5851.0,3219.6558569999997,1476618.0,1057.0,19885.066916000003,4756.0,2640.375741,0.030845
16,6208,1331.0,3224.0,3267.627863,1810091.0,1135.0,16852.1558026,4727.0,2929.043263,0.028008
16,23172,890.8,2170.0,1117.7107469999996,1022722.0,915.8,16852.1558026,4959.0,2589.83888,0.006287
119,10468,890.8,6124.0,7058.160201,1022722.0,915.8,16852.1558026,5829.0,3899.038693,0.008039
194,11908,1544.0,15880.0,5641.170996999999,1440902.0,1109.0,21749.352055,4988.0,2503.399362,0.0178519999999999
60,6208,1443.0,2728.0,1495.730926,1022722.0,984.0,19214.551867,5307.0,4070.7519150000007,0.020386
16,6208,1485.0,2263.0,1129.556769,1155820.0,1003.0,19280.233983,5162.0,2845.824498,0.0205239999999999
84,12633,1482.0,3447.0,2292.9053400000003,1233794.0,1063.0,20570.432791,5220.0,3402.00855,0.0086389999999999
53,10197,1871.0,3193.0,2763.0506400000004,1935956.0,1358.0,26417.393047,5046.0,3469.028745,0.007714
128,10695,1980.0,2697.0,1738.501763,1861740.0,1364.0,25032.236283,5655.0,4398.559307,0.021428
57,9867,1836.0,3410.0,3913.975255,1549702.0,1193.0,21032.100830000003,4524.0,1929.533605,0.021204
47,12960,1771.0,2170.0,1114.0899000000002,1254554.0,1155.0,20331.834839000003,4321.0,2177.901262,0.022077
450,17719,12998.0,3348.0,2865.393964,1840179.0,1351.0,29190.335085,5249.0,3862.037751,0.023804
97,12858,62231.0,3627.0,2655.718029,1519446.0,1122.0,21846.007904,6119.0,4156.752577,0.027262
164,12627,24711.0,2449.0,1167.3035619999998,1512668.0,1246.0,26355.230115,6061.0,4802.461818,0.008074
203,18274,17008.0,3658.0,2702.1380330000006,1204114.0,975.0,18710.655317,5539.0,4100.836341,0.007987
195,55125,10876.0,2170.0,1453.0920029999995,1022722.0,930.0,17937.818256,4582.0,3212.631965,0.005839
169,46978,9385.0,2170.0,1158.714451,1036166.0,1040.0,20678.158845,5365.0,2834.13302,0.0053989999999999
186,27818,24200.0,2418.0,1804.065104,1329928.0,1274.0,26912.645748000003,5104.0,3150.323079,0.013744
184,22952,32096.0,2170.0,1114.0899000000002,3211615.0,1996.0,31994.836711000004,4495.0,2372.386042,0.032083
148,16447,26859.0,2170.0,1114.0899000000002,2006098.0,1310.0,21764.595316,5162.0,3389.115275,0.031229
980,34185,32341.0,3137.0,1680.249637,1105068.0,1043.0,20580.605313,4466.0,2440.9722,0.013316
660,37884,26337.0,2170.0,1114.0899000000002,1450140.0,1142.0,22518.937563000003,4156.400000000001,2312.5376180000003,0.007417
118,39061,18000.0,2170.0,1114.0899000000002,1081496.0,1088.0,22957.780966,4611.0,2487.147954,0.011517
37,37563,12078.0,2852.0,1362.802019,1604238.0,1459.0,75666.337046,4727.0,2694.391782,0.0216059999999999
42,33354,6779.0,3441.0,3524.0117710000004,1607932.0,1353.0,53352.661058,4292.0,2697.284438,0.0162059999999999
40,26971,3675.0,6793.0,6079.366011,1605502.0,1146.0,29467.493174000003,4321.0,2345.53864,0.008058
186,24719,5939.0,8979.0,6544.174114,1641834.0,1253.0,29887.764098,4495.0,2334.789493,0.010966
2085,17971,8860.0,4916.0,4214.942878,1192180.0,1002.0,20458.730023000004,4640.0,2621.250814,0.5446329999999999
587,13640,1416.0,11191.0,9695.054244,1231736.0,1034.0,20248.82146,4524.0,2226.922226,0.009935
303,13732,1319.0,3782.0,4142.956982999999,1172756.0,923.0,17852.803715000002,4582.0,2172.679838,0.010264
135,20719,1389.0,2976.0,2797.512287,1081046.0,915.8,17231.63042,4234.0,1898.2818450000002,0.009024
104,9960,1446.0,2511.0,2219.649276,1536504.0,1019.0,19403.60836,5104.0,2733.039191,0.008494
28,8541,1421.0,3441.0,6813.712621000001,1230372.0,982.0,18883.618081,4959.0,3242.599892,0.023948
79,10335,1386.0,2852.0,1665.372711,1491850.0,1016.0,19701.332553,5597.0,4457.476843,0.029136
28,13309,1493.0,3193.0,4488.305453000002,1371600.0,1038.0,20106.123581,5278.0,3275.243719,0.022348
84,9921,1553.0,3410.0,5063.070022000001,2976352.0,1754.0,24336.712506,4814.0,2814.581016,0.0223039999999999
31,10263,1769.0,2852.0,1456.403567,1780616.0,1379.0,26726.988006,4350.0,2975.164401,0.025427
248,10994,1795.0,3038.0,1892.640603,1929742.0,1241.0,23448.617899,4843.0,3040.657002,0.0205059999999999
159,12692,1557.0,4549.0,1931.8426040000004,1479062.0,1135.0,22002.650787,5365.0,3028.872802,0.014933
303,12022,1633.0,2573.0,1512.231285,1286044.0,1141.0,22664.016707,4727.0,2875.669798,0.010884
294,12899,1534.0,3193.0,2210.4742990000004,1167752.0,1049.0,19432.251776,6148.0,4279.559122,0.00518379999999996
474,13425,1761.0,2232.0,1114.0899000000002,1376228.0,1307.0,19477.568271,5800.0,4810.741074,0.009348
420,16040,1869.0,18538.0,9520.333358,1380630.0,1300.0,19607.790418,5510.0,3981.004606,0.0161789999999999
497,13222,1737.0,2697.0,1252.399548,1158670.0,1141.0,19393.659382,4611.0,3635.503824,0.032543
16,15220,1861.0,3720.0,5104.15861,1557358.0,1261.0,21264.920725,4640.0,2709.2453350000005,0.042085
85,16737,1858.0,4036.0,6671.207292,1336574.0,1260.0,24853.527146,4814.0,2729.574912,0.048819
16,15919,1839.0,3100.0,2591.2081130000006,1711098.0,1286.0,25276.589834,4408.0,2413.950207,0.010897
91,13268,1702.0,2635.0,1561.8671559999996,1645930.0,1220.0,23614.485878,4466.0,2099.67947,0.008951
68,11717,1420.0,3565.0,2725.1210970000006,1377606.0,1002.0,19372.024368,5481.0,4060.285813,0.0205409999999999
63,10191,1512.0,2852.0,1638.5247839999995,1628494.0,1148.0,21976.06437,4814.0,2251.716577,0.022761
416,18847,14251.0,2852.0,1549.549257,1392626.0,1009.0,21437.463717,5597.0,4412.521968,0.0315859999999999
93,10117,171628.0,2635.0,1674.0658219999998,1627628.0,1107.0,22904.005339,5307.0,3014.183637,0.036692
194,9895,108326.0,2511.0,1594.629557,1288834.0,1050.0,19399.487046,5684.0,4929.42062,0.033675
137,18083,60500.0,2635.0,2029.439448,1529572.0,1166.0,22870.070057,4727.0,3166.046785,0.033231
227,92179,39406.0,2821.0,2248.207587,1442394.0,1083.0,20982.700338999995,5771.0,4226.036629,0.0166109999999999
129,193740,26444.0,2511.0,1114.0899000000002,1511958.0,1102.0,21273.203661,5945.0,4214.219584,0.0159199999999999
131,75799,99594.0,3007.0,4160.386086,1544620.0,1211.0,23732.468141,4930.0,3448.62507,0.01468
157,50975,63947.0,3100.0,3623.042092,1623146.0,1250.0,21102.712269,4872.0,2707.818345,0.025473
190,34395,67850.0,2604.0,2640.634313,2560155.0,1509.0,22458.737739,4156.400000000001,1898.2818450000002,0.027174
332,94970,173645.0,3323.0,2212.887322,1407580.0,1032.0,19078.467007,5655.0,3926.141957,0.0273599999999999
613,69609,204823.0,3069.0,5061.977242,2136786.0,1332.0,26223.944636,4785.0,3169.119453,0.017187
747,84688,120473.0,3906.0,6464.504661000001,1574962.0,1173.0,23051.477339,4466.0,1898.2818450000002,0.0086579999999999
280,155410,90597.0,3224.0,2334.97167,1185220.0,1231.0,46487.265758,4263.0,2555.000878,0.0082519999999999
74,198656,42823.0,2604.0,1966.883549,1233978.0,1021.0,44647.511985,4524.0,2639.7672440000006,0.0092749999999999
31,154328,29435.0,3613.0,1779.608283,1192366.0,990.0,23584.329676,4785.0,2626.8684780000003,0.008171
145,95490,52842.0,9772.0,5775.4912300000005,1392238.0,1202.0,28115.092771,4408.0,2302.319745,0.017528
1609,71030,58194.0,2697.0,1425.9100570000005,1490082.0,1417.0,36310.747531,4843.0,2881.952131,0.5449870000000001
1901,43342,34337.0,11475.0,5122.054054,1191580.0,1077.0,28114.643077,4814.0,2600.379913,0.029047
176,48214,80943.0,2728.0,1410.669213,1256038.0,1169.0,24216.867721,4350.0,2020.837438,0.013242
203,66772,130717.0,3007.0,3827.568623,1237324.0,945.0,17961.761503,4524.0,3354.1003679999994,0.00518379999999996
167,45028,77301.0,2635.0,1294.15755,1271184.0,1018.0,19662.175962,4234.0,1898.2818450000002,0.00518379999999996
66,81304,1458.0,2759.0,1585.185729,1262862.0,915.8,17249.657493,4901.0,2956.381086,0.00518379999999996
78,136014,1353.0,2449.0,1510.891096,1069468.0,915.8,17341.253726999996,4524.0,2713.915221,0.006057
20,100187,1410.0,3596.0,3754.964132000001,1066552.0,965.0,18659.75542,4640.0,2677.78841,0.008276
70,11870,1346.0,3782.0,2358.176848,3084234.0,1775.0,23394.93424,4321.0,2145.084241,0.0051909999999999
19,10982,1333.0,2170.0,1114.0899000000002,1022722.0,915.8,16852.1558026,4524.0,2304.932136,0.00518379999999996
197,10662,1489.0,2790.0,1576.9375349999998,1475578.0,1029.0,19623.146123,5626.0,3991.795952,0.008621
156,9926,1367.0,4084.0,2053.943647,1392346.0,1045.0,19410.524308,5858.0,3644.588167,0.00518379999999996
256,14033,1328.0,2790.0,1721.059586,1485178.0,1014.0,19212.809103,5655.0,4069.363244,0.007466
245,10608,1422.0,2573.0,1628.2846440000003,1809072.0,1148.0,22302.300869,5713.0,3115.553,0.009116
310,9949,1580.0,2170.0,1114.0899000000002,1554394.0,1130.0,21306.313397,4553.0,2758.190138,0.009796
529,13058,1801.0,14734.0,6196.343307000001,1718988.0,1276.0,24454.293978,4524.0,1936.503996,0.0090339999999999
457,13873,1821.0,6185.0,5364.40797,1337950.0,1266.0,26101.24364,4669.0,2841.05264,0.008884
188,10877,1750.0,2604.0,1274.648137,1573864.0,1183.0,21723.047904000003,4669.0,3138.378054,0.014112
78,11390,1789.0,2232.0,1272.610857,1186722.0,1123.0,21389.906919,4553.0,2287.161027,0.018092
20,10863,1471.0,4563.0,7919.944483000001,1685320.0,1132.0,21907.024515,4727.0,2478.5729180000003,0.010291
120,14636,1434.0,2573.0,1114.0899000000002,1237828.0,987.0,17851.145559999997,4611.0,2085.4009720000004,0.015685
55,11762,1369.0,2263.0,1114.0899000000002,1134404.0,932.0,17688.863961000003,4582.0,2216.338443,0.0260989999999999
82,10229,1377.0,3565.0,5494.290553,1280652.0,998.0,21424.668883,4727.0,2300.068306,0.029472
482,16304,4737.0,3224.0,2652.368803,1352868.0,1016.0,19131.702943000004,4901.0,3432.689905,0.009761
33,13037,24223.0,3100.0,4248.7740890000005,1362380.0,1055.0,20934.92605,5887.0,4108.152816,0.008692
168,10515,95496.0,4123.0,4416.93438,1509214.0,934.0,17147.286126000003,5278.0,3297.395109,0.018626
145,9895,34903.0,2790.0,1774.8626909999998,1379666.0,1072.0,20825.985749,4814.0,2666.388943,0.013969
253,27543,17937.0,3100.0,2066.795244,1234620.0,986.0,18668.173431000003,4930.0,3066.3332880000007,0.0067399999999999
170,106018,24618.0,2976.0,1388.371362,1246320.0,1109.0,22333.643636,5539.0,3185.0253729999995,0.011842
139,44459,20532.0,2573.0,1220.073069,1556048.0,1235.0,25703.209818000003,5104.0,4297.172823,0.017804
195,22244,43919.0,2170.0,1114.0899000000002,1354364.0,1196.0,22790.949045,5278.0,3552.5396750000004,0.04105
105,33406,47356.0,2666.0,1114.0899000000002,2012169.0,1361.0,20544.02195,4292.0,1898.2818450000002,0.032899
216,28447,58276.0,2666.0,3568.070275,1319068.0,1082.0,19856.847509,4872.0,3077.164173,0.017597
460,41146,62997.0,2610.0,1260.082697,1271486.0,1138.0,21651.11904,4379.0,1957.314173,0.014383
1321,60013,38427.0,2325.0,1647.431614,1565782.0,1254.0,23690.597057,4727.0,2875.485311,0.016341
62,64619,27963.0,2914.0,2643.808185,1308136.0,1245.0,56422.824353,4156.400000000001,1898.2818450000002,0.0118959999999999
78,73470,18808.0,2170.0,1242.347071,1712930.0,1345.0,131260.329137,4582.0,2257.2743170000003,0.01392
27,51345,6567.0,4685.0,3036.829659,1489496.0,1303.0,34685.026228,4698.0,2649.902518,0.0113239999999999
124,34645,12210.0,8948.0,6008.612497,1421966.0,1284.0,35589.252302,4727.0,2706.921426,0.011629
462,31407,23184.0,2480.0,2680.7945680000003,1394742.0,1384.0,34746.575443,4350.0,1898.2818450000002,0.005294
1610,18268,27904.0,6055.0,3510.485618,1401150.0,970.0,17662.496743,4205.0,1898.2818450000002,0.5240699999999999
585,21327,26206.0,8694.0,4271.293143999999,1271058.0,1142.0,19050.152608,4524.0,2298.0763260000003,0.023975
278,27920,18979.0,3720.0,2566.855412,1444954.0,1305.0,19388.033909,4930.0,2316.6718760000003,0.033192
75,35789,1849.0,3379.0,3430.3420260000003,1750692.0,1302.0,22310.281009,4901.0,2736.33071,0.015164
72,35775,1690.0,3875.0,2835.00787,1857102.0,1176.0,20543.943893,5597.0,4543.741877,0.00731
94,38556,1352.0,2821.0,1702.8656410000003,1247654.0,915.8,16852.1558026,5133.0,3020.573375,0.0096879999999999
20,13110,1378.0,3224.0,2779.3244510000004,1202246.0,920.0,16852.1558026,5365.0,4523.4205,0.0106
97,11674,1324.0,2170.0,1114.0899000000002,1262037.0,1000.0,17489.446634,5829.0,4588.187051999999,0.009716
16,11445,1606.0,3131.0,1852.154275,2552620.0,1491.0,24412.471088,5539.0,3424.683542,0.012038
122,13148,1593.0,2449.0,1518.8390780000002,1600040.0,1144.0,22660.604517,5278.0,3531.369567,0.010589
160,9667,1622.0,2263.0,1914.511715,1492414.0,1129.0,21973.477942,5162.0,3932.838974,0.0121319999999999
264,10545,1719.0,5169.0,2545.364803,1644338.0,1188.0,23267.358887,4698.0,2749.833342,0.009717
230,10285,1657.0,2914.0,1625.658885,1481866.0,1202.0,24677.485392,5394.0,2961.1863620000004,0.011316
294,12700,1831.0,2759.0,1521.425983,2130840.0,1302.0,27966.19488,5597.0,3955.298126,0.006782
345,12903,1815.0,11017.0,5266.398692,1670238.0,1183.0,23032.428643,5133.0,3371.497762,0.00518379999999996
604,12037,1765.0,10379.0,4480.813364000001,1459716.0,1175.0,20881.923047,5162.0,3209.117442,0.007535
347,11233,1699.0,3472.0,3413.2891280000003,1540696.0,1097.0,19415.248709,4901.0,3236.549382,0.013708
75,15356,1512.0,3751.0,6329.599546,1594340.0,1184.0,22800.685099,4727.0,2643.439859,0.0117469999999999
20,11901,1681.0,4129.0,4122.563069000001,1475362.0,1095.0,20621.204843,5336.0,2962.342674,0.0147099999999999
61,11982,1590.0,2635.0,1507.277635,1324630.0,1127.0,22050.565809,5162.0,3613.8019839999993,0.0138979999999999
74,10471,1653.0,3441.0,3894.127185,1563748.0,1182.0,23493.61797,5133.0,2761.423331,0.0105869999999999
92,14050,1498.0,2511.0,1114.0899000000002,1520682.0,1120.0,21865.914586,5365.0,2924.419061,0.0159029999999999
438,17186,1485.0,2573.0,4610.523789,1193854.0,1045.0,20496.065032,6815.0,6927.66884,0.00833
21,9512,36557.0,3348.0,6355.885267,1085940.0,1096.0,22500.145686000003,6351.0,5793.879121,0.009302
149,10216,161288.0,2387.0,1143.810933,1341446.0,1107.0,21234.690265,4437.0,2553.932483,0.00785
123,12555,64704.0,3193.0,3510.973857,1790196.0,1210.0,22565.235324,4156.400000000001,1898.2818450000002,0.007748
247,37276,35608.0,3472.0,2496.289537,1537906.0,1099.0,20941.405994,4466.0,2740.242171,0.010474
180,163433,26684.0,3038.0,5742.189903000001,1658196.0,1327.0,27877.07188,5075.0,2815.48425,0.0105929999999999
124,76021,17169.0,3317.0,3234.006437,1795112.0,1286.0,23874.095911,4727.0,2555.230411,0.013975
147,50704,75699.0,3100.0,1978.700871,1312882.0,1191.0,16993.23962,4930.0,2456.374516,0.0127819999999999
185,35000,80179.0,3317.0,3026.883334,2985908.0,1845.0,18928.386833000004,5162.0,3165.847175,0.01888
216,29945,133750.0,2728.0,2178.391191,1340878.0,1228.0,19800.174732,5133.0,2811.864882,0.019257
1012,83253,162939.0,2920.0,2243.6443199999994,1597492.0,1256.0,20431.766681,5162.0,3765.845614,0.00962
370,93811,127395.0,2325.0,1570.8754869999998,1701964.0,1332.0,24419.915263,5684.0,3833.361116,0.006943
44,121199,90557.0,3565.0,3528.6720760000003,1809186.0,1360.0,22480.025438,6409.0,6216.782185,0.009522
87,166454,63189.0,2542.0,1277.739774,1738986.0,1551.0,140639.935302,5800.0,4509.788153,0.00518379999999996
18,156219,25072.0,2325.0,1237.1579210000002,1814674.0,1379.0,36963.905677,5365.0,3393.864991,0.00518379999999996
67,101090,15765.0,4655.0,2757.82721,1276380.0,1118.0,25991.843881,5278.0,3628.249738,0.021543
183,77120,38350.0,11303.0,8688.250181000001,1714634.0,1288.0,30002.875199,5191.0,3044.947889,0.023292
1659,41290,39613.0,4557.0,11607.005937000002,1834552.0,1522.0,37512.060273,4930.0,2491.166411,0.024682
923,31910,28034.0,4481.0,3447.022445,1894544.0,1486.0,37655.934493,4553.0,2849.9055850000004,0.634924
134,39658,32889.0,9220.0,5768.936355,1542968.0,1321.0,32617.889587,4843.0,2781.709104,0.027061
183,52407,103332.0,2852.0,2462.759705,1551048.0,1163.0,23242.640327,4727.0,2179.191669,0.022081
172,31763,80790.0,3224.0,2390.2351419999995,2006970.0,1272.0,24914.86212,5858.0,4995.341496999999,0.025521
103,37210,69071.0,3069.0,3356.976628,1362278.0,1043.0,20312.819232,6090.0,5430.817595,0.0261899999999999
97,110377,1417.0,4092.0,7795.870006000001,1425336.0,1074.0,20112.381764,5713.0,4026.279596,0.029632
24,85593,1556.0,3255.0,3297.818356999999,1503760.0,1078.0,20135.797454,4205.0,2322.255412,0.0222299999999999
103,90805,1424.0,2821.0,1471.1100290000002,1572330.0,1173.0,23214.248988,4553.0,2127.113492,0.041089
22,10814,1831.0,3224.0,2135.904985,1862809.0,1349.0,27076.370289,4814.0,2486.10314,0.013125
218,12443,1892.0,2883.0,2477.041141,1761089.0,1404.0,27967.377298000003,4988.0,3316.626716,0.0115
85,10182,1701.0,2170.0,1114.0899000000002,2187868.0,1426.0,25400.038428000003,5510.0,4377.673814,0.0277279999999999
148,11237,1343.0,5107.0,2347.034167,1356384.0,971.0,17827.816403,5046.0,2481.84256,0.022558
153,11483,1494.0,3503.0,2351.468854,1456056.0,1060.0,21434.589873,5075.0,2978.5988700000003,0.015859
208,12125,1530.0,3503.0,2252.940522,1341070.0,1091.0,21239.110592,4582.0,2351.20381,0.007673
312,9549,1658.0,8285.0,3003.8036600000005,1724994.0,1241.0,24613.553831,4156.400000000001,2008.177924,0.0091749999999999
405,9242,1677.0,13452.0,6936.971353,1258582.0,998.0,18579.234426000003,4234.0,1898.2818450000002,0.0186689999999999
742,12235,1859.0,2697.0,2024.7289009999995,1695570.0,1246.0,23145.825826,5075.0,3080.384956,0.024978
142,14138,1714.0,3038.0,2357.62035,1653482.0,1201.0,20522.206693,6119.0,5453.473434,0.017602
20,10403,1517.0,2889.0,1409.6166850000002,1022722.0,1054.0,17562.299010000002,5423.0,3964.297544,0.01846
38,11705,1586.0,2294.0,2390.30952,1634646.0,1178.0,18116.071428,4930.0,2837.473376,0.015692
83,12053,1542.0,3534.0,2492.730515,1297500.0,1178.0,18308.663654,4785.0,2624.648521,0.024147
88,15317,1645.0,2325.0,1919.589837,1679500.0,1194.0,23093.136605,4843.0,3167.527359,0.007341
238,16713,1967.0,2759.0,1891.872183,1696710.0,1295.0,27525.548568,4321.0,2160.448616,0.006991
215,15339,89365.0,2232.0,1114.0899000000002,1129680.0,1146.0,20842.664706,4156.400000000001,1898.2818450000002,0.006137
182,11386,96459.0,2542.0,1460.284305,1567542.0,1202.0,21914.797877,5597.0,3998.748738,0.00518379999999996
113,13038,75319.0,2170.0,1114.0899000000002,1529268.0,1215.0,22397.069154,5046.0,2810.7255250000007,0.00518379999999996
168,75506,33669.0,2883.0,2486.7957850000003,1022722.0,1006.0,18137.998124,5307.0,2595.415202,0.0052989999999999
209,108140,23292.0,3255.0,3253.7027760000005,1168188.0,964.0,17285.108587,4437.0,2205.550389,0.005908
215,90364,26417.0,2945.0,2395.19354,1396686.0,1069.0,19546.025265,4611.0,2405.336937,0.0083889999999999
246,52243,38999.0,2294.0,1114.0899000000002,1460654.0,1238.0,24148.468395,4669.0,2211.184682,0.00518379999999996
167,31991,108964.0,2170.0,1114.0899000000002,2433551.0,1512.0,23154.41964,4156.400000000001,2026.375362,0.00518379999999996
155,36644,69710.0,2170.0,1143.43662,1428076.0,1109.0,22081.743468,4466.0,2659.048433,0.00518379999999996
316,45783,142111.0,3137.0,2091.9661260000003,1243930.0,984.0,17766.326892999998,5220.0,2895.784949,0.00518379999999996
590,109859,120999.0,2170.0,1594.7809249999998,1746296.0,1124.0,19879.974177000004,5017.0,3249.532709,0.006915
802,73265,77050.0,3503.0,2937.5254760000003,1022722.0,945.0,17394.770769000002,4553.0,2347.502101,0.0077559999999999
87,139337,50647.0,2945.0,1799.024301,1451656.0,1229.0,57285.925064,4263.0,2156.115033,0.008262
16,134064,31802.0,7158.0,4954.524109999999,1089438.0,1118.0,27489.807661,4156.400000000001,1898.2818450000002,0.006596
55,91446,23309.0,7696.0,4396.417612,1141426.0,1153.0,27591.613456,4156.400000000001,1898.2818450000002,0.006629
212,60503,21184.0,2852.0,1768.590292,1445824.0,1429.0,36609.072537,4156.400000000001,1898.2818450000002,0.019222
1617,47824,40744.0,11990.0,7257.930914,1671282.0,1651.0,26497.749321,4466.0,2674.857188,0.552768
1085,32881,61688.0,2703.0,3600.648846,1904874.0,1522.0,16852.1558026,5249.0,4334.286359999999,0.025742
227,29152,52813.0,4185.0,12690.337478,1681334.0,1606.0,17484.312303,5423.0,3497.016791,0.0142589999999999
225,40660,87917.0,3162.0,2107.763905,1747140.0,1329.0,19963.017077,4611.0,2705.974478,0.027646
140,77948,35536.0,3224.0,1845.081944,1022722.0,915.8,16852.1558026,4785.0,2450.0132780000004,0.008003
24,81925,1446.0,2387.0,1679.9658169999998,1657880.0,1039.0,20213.865659,4727.0,2626.188837,0.00518379999999996
84,99641,1625.0,3286.0,4445.118172,1512872.0,1229.0,24010.737428,5974.0,4206.987279,0.00518379999999996
16,54817,1658.0,2914.0,1746.283855,2290631.0,1393.0,21645.797167,5220.0,3837.869184,0.017529
16,8691,1520.0,3565.0,6156.836999,1506757.0,1186.0,19788.484379,4959.0,2737.7292,0.0200419999999999
163,13128,1582.0,2418.0,1312.2708899999998,1598904.0,1123.0,20099.924832,5249.0,3720.8342509999993,0.012613
188,11468,1554.0,2697.0,1975.744792,1283030.0,1056.0,19923.853851,4379.0,1998.451864,0.024146
262,11329,1724.0,5014.0,2571.236837,1918990.0,1318.0,26487.497142,4901.0,2284.968578,0.01757
251,11679,1860.0,2914.0,2697.1539550000007,2019040.0,1397.0,27982.053171,4466.0,2066.901962,0.017297
222,14322,1781.0,3224.0,3378.660155,1753804.0,1209.0,21163.041546,4872.0,2705.098284,0.019537
293,10389,1685.0,10070.0,6364.30943,1164492.0,1018.0,18441.456223,5220.0,3241.9932860000004,0.020908
478,12266,1429.0,11816.0,5376.825252,1435946.0,981.0,18810.282506,4466.0,2895.272823,0.022181
460,14501,1494.0,3317.0,3924.952289,1022722.0,932.0,18156.24972,4234.0,1962.0162800000005,0.0182909999999999
79,15504,1509.0,2170.0,1114.0899000000002,1795690.0,1082.0,20548.376859,4930.0,2849.4042800000007,0.019986
20,9227,1632.0,2920.0,1782.940207,1570228.0,1122.0,21412.216545,5858.0,4277.450591999999,0.015171
22,9738,1685.0,3286.0,2797.0862720000005,1527696.0,1162.0,22440.855177,5655.0,4811.034189999999,0.014383
61,10126,1386.0,2294.0,1592.98534,1147304.0,915.8,16852.1558026,5597.0,4227.653893,0.0103489999999999
90,13641,1294.0,3069.0,2093.067443,1144912.0,915.8,16852.1558026,4669.0,2558.795781,0.018806
16,10762,1705.0,2170.0,1114.0899000000002,1551792.0,1236.0,23280.672646000003,4292.0,2029.754949,0.010767
438,15296,28292.0,3534.0,3088.2377470000006,1447840.0,1283.0,24491.779519,4350.0,2189.923852,0.025482
149,9529,178229.0,3162.0,2068.4511460000003,1847746.0,1287.0,24792.094745,4814.0,2420.595222,0.02538
124,14413,65460.0,2511.0,1590.0588679999998,1553180.0,1318.0,24702.301259,4814.0,2690.8544040000006,0.025894
237,27733,31626.0,2945.0,2096.003525,1450542.0,1046.0,19288.918349,4727.0,2462.898406,0.015231
146,177039,28267.0,3131.0,2748.123882,1196060.0,927.0,17913.887415,5655.0,3703.847336,0.005375
